[2026-04-19T07:06:39.472+0000] {processor.py:157} INFO - Started process (PID=63) to work on /opt/airflow/dags/csv_to_postgres_dag.py
[2026-04-19T07:06:39.475+0000] {processor.py:829} INFO - Processing file /opt/airflow/dags/csv_to_postgres_dag.py for tasks to queue
[2026-04-19T07:06:39.481+0000] {logging_mixin.py:151} INFO - [2026-04-19T07:06:39.480+0000] {dagbag.py:539} INFO - Filling up the DagBag from /opt/airflow/dags/csv_to_postgres_dag.py
[2026-04-19T07:06:40.180+0000] {processor.py:839} INFO - DAG(s) dict_keys(['csv_to_postgres']) retrieved from /opt/airflow/dags/csv_to_postgres_dag.py
[2026-04-19T07:06:40.479+0000] {logging_mixin.py:151} INFO - [2026-04-19T07:06:40.479+0000] {manager.py:499} INFO - Created Permission View: %s
[2026-04-19T07:06:40.494+0000] {logging_mixin.py:151} INFO - [2026-04-19T07:06:40.494+0000] {manager.py:499} INFO - Created Permission View: %s
[2026-04-19T07:06:40.504+0000] {logging_mixin.py:151} INFO - [2026-04-19T07:06:40.504+0000] {manager.py:499} INFO - Created Permission View: %s
[2026-04-19T07:06:40.505+0000] {logging_mixin.py:151} INFO - [2026-04-19T07:06:40.504+0000] {security.py:708} INFO - Not syncing DAG-level permissions for DAG 'DAG:csv_to_postgres' as access control is unset.
[2026-04-19T07:06:40.508+0000] {logging_mixin.py:151} INFO - [2026-04-19T07:06:40.505+0000] {dag.py:2915} INFO - Sync 1 DAGs
[2026-04-19T07:06:40.523+0000] {logging_mixin.py:151} INFO - [2026-04-19T07:06:40.523+0000] {dag.py:2937} INFO - Creating ORM DAG for csv_to_postgres
[2026-04-19T07:06:40.537+0000] {logging_mixin.py:151} INFO - [2026-04-19T07:06:40.536+0000] {dag.py:3696} INFO - Setting next_dagrun for csv_to_postgres to 2024-01-01T00:00:00+00:00, run_after=2024-01-01T00:00:00+00:00
[2026-04-19T07:06:40.566+0000] {processor.py:179} INFO - Processing /opt/airflow/dags/csv_to_postgres_dag.py took 1.100 seconds
[2026-04-19T07:07:10.760+0000] {processor.py:157} INFO - Started process (PID=65) to work on /opt/airflow/dags/csv_to_postgres_dag.py
[2026-04-19T07:07:10.762+0000] {processor.py:829} INFO - Processing file /opt/airflow/dags/csv_to_postgres_dag.py for tasks to queue
[2026-04-19T07:07:10.774+0000] {logging_mixin.py:151} INFO - [2026-04-19T07:07:10.771+0000] {dagbag.py:539} INFO - Filling up the DagBag from /opt/airflow/dags/csv_to_postgres_dag.py
[2026-04-19T07:07:11.730+0000] {processor.py:839} INFO - DAG(s) dict_keys(['csv_to_postgres']) retrieved from /opt/airflow/dags/csv_to_postgres_dag.py
[2026-04-19T07:07:11.864+0000] {logging_mixin.py:151} INFO - [2026-04-19T07:07:11.863+0000] {dag.py:2915} INFO - Sync 1 DAGs
[2026-04-19T07:07:11.967+0000] {logging_mixin.py:151} INFO - [2026-04-19T07:07:11.966+0000] {dag.py:3696} INFO - Setting next_dagrun for csv_to_postgres to 2024-01-01T00:00:00+00:00, run_after=2024-01-01T00:00:00+00:00
[2026-04-19T07:07:12.036+0000] {processor.py:179} INFO - Processing /opt/airflow/dags/csv_to_postgres_dag.py took 1.296 seconds
[2026-04-19T07:07:42.221+0000] {processor.py:157} INFO - Started process (PID=67) to work on /opt/airflow/dags/csv_to_postgres_dag.py
[2026-04-19T07:07:42.225+0000] {processor.py:829} INFO - Processing file /opt/airflow/dags/csv_to_postgres_dag.py for tasks to queue
[2026-04-19T07:07:42.265+0000] {logging_mixin.py:151} INFO - [2026-04-19T07:07:42.261+0000] {dagbag.py:539} INFO - Filling up the DagBag from /opt/airflow/dags/csv_to_postgres_dag.py
[2026-04-19T07:07:43.194+0000] {processor.py:839} INFO - DAG(s) dict_keys(['csv_to_postgres']) retrieved from /opt/airflow/dags/csv_to_postgres_dag.py
[2026-04-19T07:07:43.303+0000] {logging_mixin.py:151} INFO - [2026-04-19T07:07:43.302+0000] {dag.py:2915} INFO - Sync 1 DAGs
[2026-04-19T07:07:43.409+0000] {logging_mixin.py:151} INFO - [2026-04-19T07:07:43.409+0000] {dag.py:3696} INFO - Setting next_dagrun for csv_to_postgres to 2024-01-01T00:00:00+00:00, run_after=2024-01-01T00:00:00+00:00
[2026-04-19T07:07:43.498+0000] {processor.py:179} INFO - Processing /opt/airflow/dags/csv_to_postgres_dag.py took 1.335 seconds
[2026-04-19T07:08:13.641+0000] {processor.py:157} INFO - Started process (PID=69) to work on /opt/airflow/dags/csv_to_postgres_dag.py
[2026-04-19T07:08:13.649+0000] {processor.py:829} INFO - Processing file /opt/airflow/dags/csv_to_postgres_dag.py for tasks to queue
[2026-04-19T07:08:13.664+0000] {logging_mixin.py:151} INFO - [2026-04-19T07:08:13.662+0000] {dagbag.py:539} INFO - Filling up the DagBag from /opt/airflow/dags/csv_to_postgres_dag.py
[2026-04-19T07:08:14.215+0000] {processor.py:839} INFO - DAG(s) dict_keys(['csv_to_postgres']) retrieved from /opt/airflow/dags/csv_to_postgres_dag.py
[2026-04-19T07:08:14.272+0000] {logging_mixin.py:151} INFO - [2026-04-19T07:08:14.272+0000] {dag.py:2915} INFO - Sync 1 DAGs
[2026-04-19T07:08:14.319+0000] {logging_mixin.py:151} INFO - [2026-04-19T07:08:14.318+0000] {dag.py:3696} INFO - Setting next_dagrun for csv_to_postgres to 2024-01-01T00:00:00+00:00, run_after=2024-01-01T00:00:00+00:00
[2026-04-19T07:08:14.365+0000] {processor.py:179} INFO - Processing /opt/airflow/dags/csv_to_postgres_dag.py took 0.765 seconds
[2026-04-19T07:08:44.674+0000] {processor.py:157} INFO - Started process (PID=71) to work on /opt/airflow/dags/csv_to_postgres_dag.py
[2026-04-19T07:08:44.677+0000] {processor.py:829} INFO - Processing file /opt/airflow/dags/csv_to_postgres_dag.py for tasks to queue
[2026-04-19T07:08:44.682+0000] {logging_mixin.py:151} INFO - [2026-04-19T07:08:44.681+0000] {dagbag.py:539} INFO - Filling up the DagBag from /opt/airflow/dags/csv_to_postgres_dag.py
[2026-04-19T07:08:45.181+0000] {processor.py:839} INFO - DAG(s) dict_keys(['csv_to_postgres']) retrieved from /opt/airflow/dags/csv_to_postgres_dag.py
[2026-04-19T07:08:45.249+0000] {logging_mixin.py:151} INFO - [2026-04-19T07:08:45.247+0000] {dag.py:2915} INFO - Sync 1 DAGs
[2026-04-19T07:08:45.298+0000] {logging_mixin.py:151} INFO - [2026-04-19T07:08:45.298+0000] {dag.py:3696} INFO - Setting next_dagrun for csv_to_postgres to 2024-01-01T00:00:00+00:00, run_after=2024-01-01T00:00:00+00:00
[2026-04-19T07:08:45.350+0000] {processor.py:179} INFO - Processing /opt/airflow/dags/csv_to_postgres_dag.py took 0.688 seconds
[2026-04-19T07:09:15.634+0000] {processor.py:157} INFO - Started process (PID=73) to work on /opt/airflow/dags/csv_to_postgres_dag.py
[2026-04-19T07:09:15.636+0000] {processor.py:829} INFO - Processing file /opt/airflow/dags/csv_to_postgres_dag.py for tasks to queue
[2026-04-19T07:09:15.645+0000] {logging_mixin.py:151} INFO - [2026-04-19T07:09:15.644+0000] {dagbag.py:539} INFO - Filling up the DagBag from /opt/airflow/dags/csv_to_postgres_dag.py
[2026-04-19T07:09:16.211+0000] {processor.py:839} INFO - DAG(s) dict_keys(['csv_to_postgres']) retrieved from /opt/airflow/dags/csv_to_postgres_dag.py
[2026-04-19T07:09:16.301+0000] {logging_mixin.py:151} INFO - [2026-04-19T07:09:16.300+0000] {dag.py:2915} INFO - Sync 1 DAGs
[2026-04-19T07:09:16.366+0000] {logging_mixin.py:151} INFO - [2026-04-19T07:09:16.366+0000] {dag.py:3696} INFO - Setting next_dagrun for csv_to_postgres to 2024-01-01T00:00:00+00:00, run_after=2024-01-01T00:00:00+00:00
[2026-04-19T07:09:16.410+0000] {processor.py:179} INFO - Processing /opt/airflow/dags/csv_to_postgres_dag.py took 0.788 seconds
[2026-04-19T07:09:46.555+0000] {processor.py:157} INFO - Started process (PID=75) to work on /opt/airflow/dags/csv_to_postgres_dag.py
[2026-04-19T07:09:46.558+0000] {processor.py:829} INFO - Processing file /opt/airflow/dags/csv_to_postgres_dag.py for tasks to queue
[2026-04-19T07:09:46.565+0000] {logging_mixin.py:151} INFO - [2026-04-19T07:09:46.564+0000] {dagbag.py:539} INFO - Filling up the DagBag from /opt/airflow/dags/csv_to_postgres_dag.py
[2026-04-19T07:09:47.053+0000] {processor.py:839} INFO - DAG(s) dict_keys(['csv_to_postgres']) retrieved from /opt/airflow/dags/csv_to_postgres_dag.py
[2026-04-19T07:09:47.103+0000] {logging_mixin.py:151} INFO - [2026-04-19T07:09:47.102+0000] {dag.py:2915} INFO - Sync 1 DAGs
[2026-04-19T07:09:47.152+0000] {logging_mixin.py:151} INFO - [2026-04-19T07:09:47.152+0000] {dag.py:3696} INFO - Setting next_dagrun for csv_to_postgres to 2024-01-01T00:00:00+00:00, run_after=2024-01-01T00:00:00+00:00
[2026-04-19T07:09:47.192+0000] {processor.py:179} INFO - Processing /opt/airflow/dags/csv_to_postgres_dag.py took 0.647 seconds
[2026-04-19T07:10:17.499+0000] {processor.py:157} INFO - Started process (PID=81) to work on /opt/airflow/dags/csv_to_postgres_dag.py
[2026-04-19T07:10:17.501+0000] {processor.py:829} INFO - Processing file /opt/airflow/dags/csv_to_postgres_dag.py for tasks to queue
[2026-04-19T07:10:17.512+0000] {logging_mixin.py:151} INFO - [2026-04-19T07:10:17.511+0000] {dagbag.py:539} INFO - Filling up the DagBag from /opt/airflow/dags/csv_to_postgres_dag.py
[2026-04-19T07:10:18.251+0000] {processor.py:839} INFO - DAG(s) dict_keys(['csv_to_postgres']) retrieved from /opt/airflow/dags/csv_to_postgres_dag.py
[2026-04-19T07:10:18.337+0000] {logging_mixin.py:151} INFO - [2026-04-19T07:10:18.336+0000] {dag.py:2915} INFO - Sync 1 DAGs
[2026-04-19T07:10:18.402+0000] {logging_mixin.py:151} INFO - [2026-04-19T07:10:18.401+0000] {dag.py:3696} INFO - Setting next_dagrun for csv_to_postgres to None, run_after=None
[2026-04-19T07:10:18.448+0000] {processor.py:179} INFO - Processing /opt/airflow/dags/csv_to_postgres_dag.py took 0.954 seconds
[2026-04-19T07:10:48.717+0000] {processor.py:157} INFO - Started process (PID=83) to work on /opt/airflow/dags/csv_to_postgres_dag.py
[2026-04-19T07:10:48.719+0000] {processor.py:829} INFO - Processing file /opt/airflow/dags/csv_to_postgres_dag.py for tasks to queue
[2026-04-19T07:10:48.725+0000] {logging_mixin.py:151} INFO - [2026-04-19T07:10:48.724+0000] {dagbag.py:539} INFO - Filling up the DagBag from /opt/airflow/dags/csv_to_postgres_dag.py
[2026-04-19T07:10:49.204+0000] {processor.py:839} INFO - DAG(s) dict_keys(['csv_to_postgres']) retrieved from /opt/airflow/dags/csv_to_postgres_dag.py
[2026-04-19T07:10:49.287+0000] {logging_mixin.py:151} INFO - [2026-04-19T07:10:49.286+0000] {dag.py:2915} INFO - Sync 1 DAGs
[2026-04-19T07:10:49.341+0000] {logging_mixin.py:151} INFO - [2026-04-19T07:10:49.341+0000] {dag.py:3696} INFO - Setting next_dagrun for csv_to_postgres to None, run_after=None
[2026-04-19T07:10:49.434+0000] {processor.py:179} INFO - Processing /opt/airflow/dags/csv_to_postgres_dag.py took 0.722 seconds
[2026-04-19T07:11:19.737+0000] {processor.py:157} INFO - Started process (PID=85) to work on /opt/airflow/dags/csv_to_postgres_dag.py
[2026-04-19T07:11:19.739+0000] {processor.py:829} INFO - Processing file /opt/airflow/dags/csv_to_postgres_dag.py for tasks to queue
[2026-04-19T07:11:19.752+0000] {logging_mixin.py:151} INFO - [2026-04-19T07:11:19.751+0000] {dagbag.py:539} INFO - Filling up the DagBag from /opt/airflow/dags/csv_to_postgres_dag.py
[2026-04-19T07:11:20.337+0000] {processor.py:839} INFO - DAG(s) dict_keys(['csv_to_postgres']) retrieved from /opt/airflow/dags/csv_to_postgres_dag.py
[2026-04-19T07:11:20.389+0000] {logging_mixin.py:151} INFO - [2026-04-19T07:11:20.386+0000] {dag.py:2915} INFO - Sync 1 DAGs
[2026-04-19T07:11:20.437+0000] {logging_mixin.py:151} INFO - [2026-04-19T07:11:20.436+0000] {dag.py:3696} INFO - Setting next_dagrun for csv_to_postgres to None, run_after=None
[2026-04-19T07:11:20.477+0000] {processor.py:179} INFO - Processing /opt/airflow/dags/csv_to_postgres_dag.py took 0.749 seconds
[2026-04-19T07:11:50.738+0000] {processor.py:157} INFO - Started process (PID=87) to work on /opt/airflow/dags/csv_to_postgres_dag.py
[2026-04-19T07:11:50.740+0000] {processor.py:829} INFO - Processing file /opt/airflow/dags/csv_to_postgres_dag.py for tasks to queue
[2026-04-19T07:11:50.753+0000] {logging_mixin.py:151} INFO - [2026-04-19T07:11:50.752+0000] {dagbag.py:539} INFO - Filling up the DagBag from /opt/airflow/dags/csv_to_postgres_dag.py
[2026-04-19T07:11:51.337+0000] {processor.py:839} INFO - DAG(s) dict_keys(['csv_to_postgres']) retrieved from /opt/airflow/dags/csv_to_postgres_dag.py
[2026-04-19T07:11:51.398+0000] {logging_mixin.py:151} INFO - [2026-04-19T07:11:51.397+0000] {dag.py:2915} INFO - Sync 1 DAGs
[2026-04-19T07:11:51.449+0000] {logging_mixin.py:151} INFO - [2026-04-19T07:11:51.449+0000] {dag.py:3696} INFO - Setting next_dagrun for csv_to_postgres to None, run_after=None
[2026-04-19T07:11:51.492+0000] {processor.py:179} INFO - Processing /opt/airflow/dags/csv_to_postgres_dag.py took 0.769 seconds
[2026-04-19T07:12:21.788+0000] {processor.py:157} INFO - Started process (PID=89) to work on /opt/airflow/dags/csv_to_postgres_dag.py
[2026-04-19T07:12:21.790+0000] {processor.py:829} INFO - Processing file /opt/airflow/dags/csv_to_postgres_dag.py for tasks to queue
[2026-04-19T07:12:21.797+0000] {logging_mixin.py:151} INFO - [2026-04-19T07:12:21.796+0000] {dagbag.py:539} INFO - Filling up the DagBag from /opt/airflow/dags/csv_to_postgres_dag.py
[2026-04-19T07:12:22.333+0000] {processor.py:839} INFO - DAG(s) dict_keys(['csv_to_postgres']) retrieved from /opt/airflow/dags/csv_to_postgres_dag.py
[2026-04-19T07:12:22.419+0000] {logging_mixin.py:151} INFO - [2026-04-19T07:12:22.416+0000] {dag.py:2915} INFO - Sync 1 DAGs
[2026-04-19T07:12:22.467+0000] {logging_mixin.py:151} INFO - [2026-04-19T07:12:22.466+0000] {dag.py:3696} INFO - Setting next_dagrun for csv_to_postgres to None, run_after=None
[2026-04-19T07:12:22.514+0000] {processor.py:179} INFO - Processing /opt/airflow/dags/csv_to_postgres_dag.py took 0.733 seconds
[2026-04-19T07:12:52.814+0000] {processor.py:157} INFO - Started process (PID=91) to work on /opt/airflow/dags/csv_to_postgres_dag.py
[2026-04-19T07:12:52.816+0000] {processor.py:829} INFO - Processing file /opt/airflow/dags/csv_to_postgres_dag.py for tasks to queue
[2026-04-19T07:12:52.823+0000] {logging_mixin.py:151} INFO - [2026-04-19T07:12:52.822+0000] {dagbag.py:539} INFO - Filling up the DagBag from /opt/airflow/dags/csv_to_postgres_dag.py
[2026-04-19T07:12:53.533+0000] {processor.py:839} INFO - DAG(s) dict_keys(['csv_to_postgres']) retrieved from /opt/airflow/dags/csv_to_postgres_dag.py
[2026-04-19T07:12:53.603+0000] {logging_mixin.py:151} INFO - [2026-04-19T07:12:53.602+0000] {dag.py:2915} INFO - Sync 1 DAGs
[2026-04-19T07:12:53.652+0000] {logging_mixin.py:151} INFO - [2026-04-19T07:12:53.652+0000] {dag.py:3696} INFO - Setting next_dagrun for csv_to_postgres to None, run_after=None
[2026-04-19T07:12:53.702+0000] {processor.py:179} INFO - Processing /opt/airflow/dags/csv_to_postgres_dag.py took 0.894 seconds
[2026-04-19T07:13:24.018+0000] {processor.py:157} INFO - Started process (PID=93) to work on /opt/airflow/dags/csv_to_postgres_dag.py
[2026-04-19T07:13:24.021+0000] {processor.py:829} INFO - Processing file /opt/airflow/dags/csv_to_postgres_dag.py for tasks to queue
[2026-04-19T07:13:24.027+0000] {logging_mixin.py:151} INFO - [2026-04-19T07:13:24.027+0000] {dagbag.py:539} INFO - Filling up the DagBag from /opt/airflow/dags/csv_to_postgres_dag.py
[2026-04-19T07:13:24.508+0000] {processor.py:839} INFO - DAG(s) dict_keys(['csv_to_postgres']) retrieved from /opt/airflow/dags/csv_to_postgres_dag.py
[2026-04-19T07:13:24.574+0000] {logging_mixin.py:151} INFO - [2026-04-19T07:13:24.573+0000] {dag.py:2915} INFO - Sync 1 DAGs
[2026-04-19T07:13:24.628+0000] {logging_mixin.py:151} INFO - [2026-04-19T07:13:24.628+0000] {dag.py:3696} INFO - Setting next_dagrun for csv_to_postgres to None, run_after=None
[2026-04-19T07:13:24.698+0000] {processor.py:179} INFO - Processing /opt/airflow/dags/csv_to_postgres_dag.py took 0.689 seconds
[2026-04-19T07:13:54.982+0000] {processor.py:157} INFO - Started process (PID=95) to work on /opt/airflow/dags/csv_to_postgres_dag.py
[2026-04-19T07:13:54.984+0000] {processor.py:829} INFO - Processing file /opt/airflow/dags/csv_to_postgres_dag.py for tasks to queue
[2026-04-19T07:13:54.991+0000] {logging_mixin.py:151} INFO - [2026-04-19T07:13:54.990+0000] {dagbag.py:539} INFO - Filling up the DagBag from /opt/airflow/dags/csv_to_postgres_dag.py
[2026-04-19T07:13:55.521+0000] {processor.py:839} INFO - DAG(s) dict_keys(['csv_to_postgres']) retrieved from /opt/airflow/dags/csv_to_postgres_dag.py
[2026-04-19T07:13:55.585+0000] {logging_mixin.py:151} INFO - [2026-04-19T07:13:55.585+0000] {dag.py:2915} INFO - Sync 1 DAGs
[2026-04-19T07:13:55.633+0000] {logging_mixin.py:151} INFO - [2026-04-19T07:13:55.632+0000] {dag.py:3696} INFO - Setting next_dagrun for csv_to_postgres to None, run_after=None
[2026-04-19T07:13:55.678+0000] {processor.py:179} INFO - Processing /opt/airflow/dags/csv_to_postgres_dag.py took 0.702 seconds
[2026-04-19T07:14:25.971+0000] {processor.py:157} INFO - Started process (PID=97) to work on /opt/airflow/dags/csv_to_postgres_dag.py
[2026-04-19T07:14:25.974+0000] {processor.py:829} INFO - Processing file /opt/airflow/dags/csv_to_postgres_dag.py for tasks to queue
[2026-04-19T07:14:25.980+0000] {logging_mixin.py:151} INFO - [2026-04-19T07:14:25.979+0000] {dagbag.py:539} INFO - Filling up the DagBag from /opt/airflow/dags/csv_to_postgres_dag.py
[2026-04-19T07:14:26.440+0000] {processor.py:839} INFO - DAG(s) dict_keys(['csv_to_postgres']) retrieved from /opt/airflow/dags/csv_to_postgres_dag.py
[2026-04-19T07:14:26.505+0000] {logging_mixin.py:151} INFO - [2026-04-19T07:14:26.504+0000] {dag.py:2915} INFO - Sync 1 DAGs
[2026-04-19T07:14:26.558+0000] {logging_mixin.py:151} INFO - [2026-04-19T07:14:26.557+0000] {dag.py:3696} INFO - Setting next_dagrun for csv_to_postgres to None, run_after=None
[2026-04-19T07:14:26.611+0000] {processor.py:179} INFO - Processing /opt/airflow/dags/csv_to_postgres_dag.py took 0.644 seconds
[2026-04-19T07:14:56.878+0000] {processor.py:157} INFO - Started process (PID=99) to work on /opt/airflow/dags/csv_to_postgres_dag.py
[2026-04-19T07:14:56.880+0000] {processor.py:829} INFO - Processing file /opt/airflow/dags/csv_to_postgres_dag.py for tasks to queue
[2026-04-19T07:14:56.885+0000] {logging_mixin.py:151} INFO - [2026-04-19T07:14:56.885+0000] {dagbag.py:539} INFO - Filling up the DagBag from /opt/airflow/dags/csv_to_postgres_dag.py
[2026-04-19T07:14:57.359+0000] {processor.py:839} INFO - DAG(s) dict_keys(['csv_to_postgres']) retrieved from /opt/airflow/dags/csv_to_postgres_dag.py
[2026-04-19T07:14:57.426+0000] {logging_mixin.py:151} INFO - [2026-04-19T07:14:57.425+0000] {dag.py:2915} INFO - Sync 1 DAGs
[2026-04-19T07:14:57.474+0000] {logging_mixin.py:151} INFO - [2026-04-19T07:14:57.473+0000] {dag.py:3696} INFO - Setting next_dagrun for csv_to_postgres to None, run_after=None
[2026-04-19T07:14:57.514+0000] {processor.py:179} INFO - Processing /opt/airflow/dags/csv_to_postgres_dag.py took 0.642 seconds
[2026-04-19T07:15:27.748+0000] {processor.py:157} INFO - Started process (PID=101) to work on /opt/airflow/dags/csv_to_postgres_dag.py
[2026-04-19T07:15:27.752+0000] {processor.py:829} INFO - Processing file /opt/airflow/dags/csv_to_postgres_dag.py for tasks to queue
[2026-04-19T07:15:27.758+0000] {logging_mixin.py:151} INFO - [2026-04-19T07:15:27.758+0000] {dagbag.py:539} INFO - Filling up the DagBag from /opt/airflow/dags/csv_to_postgres_dag.py
[2026-04-19T07:15:28.238+0000] {processor.py:839} INFO - DAG(s) dict_keys(['csv_to_postgres']) retrieved from /opt/airflow/dags/csv_to_postgres_dag.py
[2026-04-19T07:15:28.312+0000] {logging_mixin.py:151} INFO - [2026-04-19T07:15:28.311+0000] {dag.py:2915} INFO - Sync 1 DAGs
[2026-04-19T07:15:28.358+0000] {logging_mixin.py:151} INFO - [2026-04-19T07:15:28.358+0000] {dag.py:3696} INFO - Setting next_dagrun for csv_to_postgres to None, run_after=None
[2026-04-19T07:15:28.421+0000] {processor.py:179} INFO - Processing /opt/airflow/dags/csv_to_postgres_dag.py took 0.682 seconds
[2026-04-19T07:15:58.724+0000] {processor.py:157} INFO - Started process (PID=103) to work on /opt/airflow/dags/csv_to_postgres_dag.py
[2026-04-19T07:15:58.727+0000] {processor.py:829} INFO - Processing file /opt/airflow/dags/csv_to_postgres_dag.py for tasks to queue
[2026-04-19T07:15:58.734+0000] {logging_mixin.py:151} INFO - [2026-04-19T07:15:58.733+0000] {dagbag.py:539} INFO - Filling up the DagBag from /opt/airflow/dags/csv_to_postgres_dag.py
[2026-04-19T07:15:59.225+0000] {processor.py:839} INFO - DAG(s) dict_keys(['csv_to_postgres']) retrieved from /opt/airflow/dags/csv_to_postgres_dag.py
[2026-04-19T07:15:59.296+0000] {logging_mixin.py:151} INFO - [2026-04-19T07:15:59.295+0000] {dag.py:2915} INFO - Sync 1 DAGs
[2026-04-19T07:15:59.360+0000] {logging_mixin.py:151} INFO - [2026-04-19T07:15:59.359+0000] {dag.py:3696} INFO - Setting next_dagrun for csv_to_postgres to None, run_after=None
[2026-04-19T07:15:59.406+0000] {processor.py:179} INFO - Processing /opt/airflow/dags/csv_to_postgres_dag.py took 0.689 seconds
[2026-04-19T07:16:29.715+0000] {processor.py:157} INFO - Started process (PID=105) to work on /opt/airflow/dags/csv_to_postgres_dag.py
[2026-04-19T07:16:29.717+0000] {processor.py:829} INFO - Processing file /opt/airflow/dags/csv_to_postgres_dag.py for tasks to queue
[2026-04-19T07:16:29.728+0000] {logging_mixin.py:151} INFO - [2026-04-19T07:16:29.726+0000] {dagbag.py:539} INFO - Filling up the DagBag from /opt/airflow/dags/csv_to_postgres_dag.py
[2026-04-19T07:16:30.377+0000] {processor.py:839} INFO - DAG(s) dict_keys(['csv_to_postgres']) retrieved from /opt/airflow/dags/csv_to_postgres_dag.py
[2026-04-19T07:16:30.431+0000] {logging_mixin.py:151} INFO - [2026-04-19T07:16:30.430+0000] {dag.py:2915} INFO - Sync 1 DAGs
[2026-04-19T07:16:30.477+0000] {logging_mixin.py:151} INFO - [2026-04-19T07:16:30.477+0000] {dag.py:3696} INFO - Setting next_dagrun for csv_to_postgres to None, run_after=None
[2026-04-19T07:16:30.518+0000] {processor.py:179} INFO - Processing /opt/airflow/dags/csv_to_postgres_dag.py took 0.818 seconds
[2026-04-19T07:17:00.835+0000] {processor.py:157} INFO - Started process (PID=107) to work on /opt/airflow/dags/csv_to_postgres_dag.py
[2026-04-19T07:17:00.837+0000] {processor.py:829} INFO - Processing file /opt/airflow/dags/csv_to_postgres_dag.py for tasks to queue
[2026-04-19T07:17:00.848+0000] {logging_mixin.py:151} INFO - [2026-04-19T07:17:00.847+0000] {dagbag.py:539} INFO - Filling up the DagBag from /opt/airflow/dags/csv_to_postgres_dag.py
[2026-04-19T07:17:01.322+0000] {processor.py:839} INFO - DAG(s) dict_keys(['csv_to_postgres']) retrieved from /opt/airflow/dags/csv_to_postgres_dag.py
[2026-04-19T07:17:01.379+0000] {logging_mixin.py:151} INFO - [2026-04-19T07:17:01.378+0000] {dag.py:2915} INFO - Sync 1 DAGs
[2026-04-19T07:17:01.429+0000] {logging_mixin.py:151} INFO - [2026-04-19T07:17:01.429+0000] {dag.py:3696} INFO - Setting next_dagrun for csv_to_postgres to None, run_after=None
[2026-04-19T07:17:01.475+0000] {processor.py:179} INFO - Processing /opt/airflow/dags/csv_to_postgres_dag.py took 0.653 seconds
[2026-04-19T07:17:31.758+0000] {processor.py:157} INFO - Started process (PID=109) to work on /opt/airflow/dags/csv_to_postgres_dag.py
[2026-04-19T07:17:31.760+0000] {processor.py:829} INFO - Processing file /opt/airflow/dags/csv_to_postgres_dag.py for tasks to queue
[2026-04-19T07:17:31.768+0000] {logging_mixin.py:151} INFO - [2026-04-19T07:17:31.766+0000] {dagbag.py:539} INFO - Filling up the DagBag from /opt/airflow/dags/csv_to_postgres_dag.py
[2026-04-19T07:17:32.246+0000] {processor.py:839} INFO - DAG(s) dict_keys(['csv_to_postgres']) retrieved from /opt/airflow/dags/csv_to_postgres_dag.py
[2026-04-19T07:17:32.318+0000] {logging_mixin.py:151} INFO - [2026-04-19T07:17:32.317+0000] {dag.py:2915} INFO - Sync 1 DAGs
[2026-04-19T07:17:32.379+0000] {logging_mixin.py:151} INFO - [2026-04-19T07:17:32.378+0000] {dag.py:3696} INFO - Setting next_dagrun for csv_to_postgres to None, run_after=None
[2026-04-19T07:17:32.436+0000] {processor.py:179} INFO - Processing /opt/airflow/dags/csv_to_postgres_dag.py took 0.684 seconds
[2026-04-19T07:18:02.728+0000] {processor.py:157} INFO - Started process (PID=111) to work on /opt/airflow/dags/csv_to_postgres_dag.py
[2026-04-19T07:18:02.732+0000] {processor.py:829} INFO - Processing file /opt/airflow/dags/csv_to_postgres_dag.py for tasks to queue
[2026-04-19T07:18:02.741+0000] {logging_mixin.py:151} INFO - [2026-04-19T07:18:02.740+0000] {dagbag.py:539} INFO - Filling up the DagBag from /opt/airflow/dags/csv_to_postgres_dag.py
[2026-04-19T07:18:03.276+0000] {processor.py:839} INFO - DAG(s) dict_keys(['csv_to_postgres']) retrieved from /opt/airflow/dags/csv_to_postgres_dag.py
[2026-04-19T07:18:03.336+0000] {logging_mixin.py:151} INFO - [2026-04-19T07:18:03.334+0000] {dag.py:2915} INFO - Sync 1 DAGs
[2026-04-19T07:18:03.383+0000] {logging_mixin.py:151} INFO - [2026-04-19T07:18:03.383+0000] {dag.py:3696} INFO - Setting next_dagrun for csv_to_postgres to None, run_after=None
[2026-04-19T07:18:03.425+0000] {processor.py:179} INFO - Processing /opt/airflow/dags/csv_to_postgres_dag.py took 0.710 seconds
[2026-04-19T07:18:33.570+0000] {processor.py:157} INFO - Started process (PID=113) to work on /opt/airflow/dags/csv_to_postgres_dag.py
[2026-04-19T07:18:33.572+0000] {processor.py:829} INFO - Processing file /opt/airflow/dags/csv_to_postgres_dag.py for tasks to queue
[2026-04-19T07:18:33.580+0000] {logging_mixin.py:151} INFO - [2026-04-19T07:18:33.579+0000] {dagbag.py:539} INFO - Filling up the DagBag from /opt/airflow/dags/csv_to_postgres_dag.py
[2026-04-19T07:18:34.068+0000] {processor.py:839} INFO - DAG(s) dict_keys(['csv_to_postgres']) retrieved from /opt/airflow/dags/csv_to_postgres_dag.py
[2026-04-19T07:18:34.513+0000] {logging_mixin.py:151} INFO - [2026-04-19T07:18:34.512+0000] {security.py:708} INFO - Not syncing DAG-level permissions for DAG 'DAG:csv_to_postgres' as access control is unset.
[2026-04-19T07:18:34.515+0000] {logging_mixin.py:151} INFO - [2026-04-19T07:18:34.514+0000] {dag.py:2915} INFO - Sync 1 DAGs
[2026-04-19T07:18:34.547+0000] {logging_mixin.py:151} INFO - [2026-04-19T07:18:34.547+0000] {dag.py:2937} INFO - Creating ORM DAG for csv_to_postgres
[2026-04-19T07:18:34.569+0000] {logging_mixin.py:151} INFO - [2026-04-19T07:18:34.569+0000] {dag.py:3696} INFO - Setting next_dagrun for csv_to_postgres to 2024-01-01T00:00:00+00:00, run_after=2024-01-01T00:00:00+00:00
[2026-04-19T07:18:34.615+0000] {processor.py:179} INFO - Processing /opt/airflow/dags/csv_to_postgres_dag.py took 1.053 seconds
[2026-04-19T07:19:04.880+0000] {processor.py:157} INFO - Started process (PID=115) to work on /opt/airflow/dags/csv_to_postgres_dag.py
[2026-04-19T07:19:04.883+0000] {processor.py:829} INFO - Processing file /opt/airflow/dags/csv_to_postgres_dag.py for tasks to queue
[2026-04-19T07:19:04.893+0000] {logging_mixin.py:151} INFO - [2026-04-19T07:19:04.892+0000] {dagbag.py:539} INFO - Filling up the DagBag from /opt/airflow/dags/csv_to_postgres_dag.py
[2026-04-19T07:19:05.411+0000] {processor.py:839} INFO - DAG(s) dict_keys(['csv_to_postgres']) retrieved from /opt/airflow/dags/csv_to_postgres_dag.py
[2026-04-19T07:19:05.479+0000] {logging_mixin.py:151} INFO - [2026-04-19T07:19:05.478+0000] {dag.py:2915} INFO - Sync 1 DAGs
[2026-04-19T07:19:05.524+0000] {logging_mixin.py:151} INFO - [2026-04-19T07:19:05.524+0000] {dag.py:3696} INFO - Setting next_dagrun for csv_to_postgres to 2024-01-01T00:00:00+00:00, run_after=2024-01-01T00:00:00+00:00
[2026-04-19T07:19:05.564+0000] {processor.py:179} INFO - Processing /opt/airflow/dags/csv_to_postgres_dag.py took 0.698 seconds
[2026-04-19T07:19:35.872+0000] {processor.py:157} INFO - Started process (PID=117) to work on /opt/airflow/dags/csv_to_postgres_dag.py
[2026-04-19T07:19:35.875+0000] {processor.py:829} INFO - Processing file /opt/airflow/dags/csv_to_postgres_dag.py for tasks to queue
[2026-04-19T07:19:35.881+0000] {logging_mixin.py:151} INFO - [2026-04-19T07:19:35.880+0000] {dagbag.py:539} INFO - Filling up the DagBag from /opt/airflow/dags/csv_to_postgres_dag.py
[2026-04-19T07:19:36.340+0000] {processor.py:839} INFO - DAG(s) dict_keys(['csv_to_postgres']) retrieved from /opt/airflow/dags/csv_to_postgres_dag.py
[2026-04-19T07:19:36.411+0000] {logging_mixin.py:151} INFO - [2026-04-19T07:19:36.410+0000] {dag.py:2915} INFO - Sync 1 DAGs
[2026-04-19T07:19:36.456+0000] {logging_mixin.py:151} INFO - [2026-04-19T07:19:36.455+0000] {dag.py:3696} INFO - Setting next_dagrun for csv_to_postgres to 2024-01-01T00:00:00+00:00, run_after=2024-01-01T00:00:00+00:00
[2026-04-19T07:19:36.504+0000] {processor.py:179} INFO - Processing /opt/airflow/dags/csv_to_postgres_dag.py took 0.639 seconds
[2026-04-19T07:20:06.780+0000] {processor.py:157} INFO - Started process (PID=119) to work on /opt/airflow/dags/csv_to_postgres_dag.py
[2026-04-19T07:20:06.783+0000] {processor.py:829} INFO - Processing file /opt/airflow/dags/csv_to_postgres_dag.py for tasks to queue
[2026-04-19T07:20:06.789+0000] {logging_mixin.py:151} INFO - [2026-04-19T07:20:06.788+0000] {dagbag.py:539} INFO - Filling up the DagBag from /opt/airflow/dags/csv_to_postgres_dag.py
[2026-04-19T07:20:07.212+0000] {processor.py:839} INFO - DAG(s) dict_keys(['csv_to_postgres']) retrieved from /opt/airflow/dags/csv_to_postgres_dag.py
[2026-04-19T07:20:07.269+0000] {logging_mixin.py:151} INFO - [2026-04-19T07:20:07.268+0000] {dag.py:2915} INFO - Sync 1 DAGs
[2026-04-19T07:20:07.324+0000] {logging_mixin.py:151} INFO - [2026-04-19T07:20:07.323+0000] {dag.py:3696} INFO - Setting next_dagrun for csv_to_postgres to 2024-01-01T00:00:00+00:00, run_after=2024-01-01T00:00:00+00:00
[2026-04-19T07:20:07.384+0000] {processor.py:179} INFO - Processing /opt/airflow/dags/csv_to_postgres_dag.py took 0.611 seconds
[2026-04-19T07:20:37.663+0000] {processor.py:157} INFO - Started process (PID=121) to work on /opt/airflow/dags/csv_to_postgres_dag.py
[2026-04-19T07:20:37.665+0000] {processor.py:829} INFO - Processing file /opt/airflow/dags/csv_to_postgres_dag.py for tasks to queue
[2026-04-19T07:20:37.672+0000] {logging_mixin.py:151} INFO - [2026-04-19T07:20:37.671+0000] {dagbag.py:539} INFO - Filling up the DagBag from /opt/airflow/dags/csv_to_postgres_dag.py
[2026-04-19T07:20:38.129+0000] {processor.py:839} INFO - DAG(s) dict_keys(['csv_to_postgres']) retrieved from /opt/airflow/dags/csv_to_postgres_dag.py
[2026-04-19T07:20:38.183+0000] {logging_mixin.py:151} INFO - [2026-04-19T07:20:38.181+0000] {dag.py:2915} INFO - Sync 1 DAGs
[2026-04-19T07:20:38.234+0000] {logging_mixin.py:151} INFO - [2026-04-19T07:20:38.233+0000] {dag.py:3696} INFO - Setting next_dagrun for csv_to_postgres to 2024-01-01T00:00:00+00:00, run_after=2024-01-01T00:00:00+00:00
[2026-04-19T07:20:38.276+0000] {processor.py:179} INFO - Processing /opt/airflow/dags/csv_to_postgres_dag.py took 0.620 seconds
[2026-04-19T07:21:08.675+0000] {processor.py:157} INFO - Started process (PID=156) to work on /opt/airflow/dags/csv_to_postgres_dag.py
[2026-04-19T07:21:08.681+0000] {processor.py:829} INFO - Processing file /opt/airflow/dags/csv_to_postgres_dag.py for tasks to queue
[2026-04-19T07:21:08.715+0000] {logging_mixin.py:151} INFO - [2026-04-19T07:21:08.710+0000] {dagbag.py:539} INFO - Filling up the DagBag from /opt/airflow/dags/csv_to_postgres_dag.py
[2026-04-19T07:21:09.854+0000] {processor.py:839} INFO - DAG(s) dict_keys(['csv_to_postgres']) retrieved from /opt/airflow/dags/csv_to_postgres_dag.py
[2026-04-19T07:21:10.042+0000] {logging_mixin.py:151} INFO - [2026-04-19T07:21:10.038+0000] {dag.py:2915} INFO - Sync 1 DAGs
[2026-04-19T07:21:10.210+0000] {logging_mixin.py:151} INFO - [2026-04-19T07:21:10.209+0000] {dag.py:3696} INFO - Setting next_dagrun for csv_to_postgres to 2024-01-01T00:00:00+00:00, run_after=2024-01-01T00:00:00+00:00
[2026-04-19T07:21:10.294+0000] {processor.py:179} INFO - Processing /opt/airflow/dags/csv_to_postgres_dag.py took 1.676 seconds
[2026-04-19T07:21:40.567+0000] {processor.py:157} INFO - Started process (PID=158) to work on /opt/airflow/dags/csv_to_postgres_dag.py
[2026-04-19T07:21:40.569+0000] {processor.py:829} INFO - Processing file /opt/airflow/dags/csv_to_postgres_dag.py for tasks to queue
[2026-04-19T07:21:40.576+0000] {logging_mixin.py:151} INFO - [2026-04-19T07:21:40.575+0000] {dagbag.py:539} INFO - Filling up the DagBag from /opt/airflow/dags/csv_to_postgres_dag.py
[2026-04-19T07:21:41.028+0000] {processor.py:839} INFO - DAG(s) dict_keys(['csv_to_postgres']) retrieved from /opt/airflow/dags/csv_to_postgres_dag.py
[2026-04-19T07:21:41.086+0000] {logging_mixin.py:151} INFO - [2026-04-19T07:21:41.085+0000] {dag.py:2915} INFO - Sync 1 DAGs
[2026-04-19T07:21:41.133+0000] {logging_mixin.py:151} INFO - [2026-04-19T07:21:41.132+0000] {dag.py:3696} INFO - Setting next_dagrun for csv_to_postgres to 2024-01-01T00:00:00+00:00, run_after=2024-01-01T00:00:00+00:00
[2026-04-19T07:21:41.173+0000] {processor.py:179} INFO - Processing /opt/airflow/dags/csv_to_postgres_dag.py took 0.614 seconds
[2026-04-19T07:22:11.475+0000] {processor.py:157} INFO - Started process (PID=160) to work on /opt/airflow/dags/csv_to_postgres_dag.py
[2026-04-19T07:22:11.477+0000] {processor.py:829} INFO - Processing file /opt/airflow/dags/csv_to_postgres_dag.py for tasks to queue
[2026-04-19T07:22:11.485+0000] {logging_mixin.py:151} INFO - [2026-04-19T07:22:11.484+0000] {dagbag.py:539} INFO - Filling up the DagBag from /opt/airflow/dags/csv_to_postgres_dag.py
[2026-04-19T07:22:11.929+0000] {processor.py:839} INFO - DAG(s) dict_keys(['csv_to_postgres']) retrieved from /opt/airflow/dags/csv_to_postgres_dag.py
[2026-04-19T07:22:11.983+0000] {logging_mixin.py:151} INFO - [2026-04-19T07:22:11.982+0000] {dag.py:2915} INFO - Sync 1 DAGs
[2026-04-19T07:22:12.024+0000] {logging_mixin.py:151} INFO - [2026-04-19T07:22:12.023+0000] {dag.py:3696} INFO - Setting next_dagrun for csv_to_postgres to 2024-01-01T00:00:00+00:00, run_after=2024-01-01T00:00:00+00:00
[2026-04-19T07:22:12.069+0000] {processor.py:179} INFO - Processing /opt/airflow/dags/csv_to_postgres_dag.py took 0.602 seconds
[2026-04-19T07:22:30.262+0000] {processor.py:157} INFO - Started process (PID=162) to work on /opt/airflow/dags/csv_to_postgres_dag.py
[2026-04-19T07:22:30.264+0000] {processor.py:829} INFO - Processing file /opt/airflow/dags/csv_to_postgres_dag.py for tasks to queue
[2026-04-19T07:22:30.270+0000] {logging_mixin.py:151} INFO - [2026-04-19T07:22:30.269+0000] {dagbag.py:539} INFO - Filling up the DagBag from /opt/airflow/dags/csv_to_postgres_dag.py
[2026-04-19T07:22:30.829+0000] {processor.py:839} INFO - DAG(s) dict_keys(['csv_to_postgres']) retrieved from /opt/airflow/dags/csv_to_postgres_dag.py
[2026-04-19T07:22:31.064+0000] {logging_mixin.py:151} INFO - [2026-04-19T07:22:31.063+0000] {security.py:708} INFO - Not syncing DAG-level permissions for DAG 'DAG:csv_to_postgres' as access control is unset.
[2026-04-19T07:22:31.065+0000] {logging_mixin.py:151} INFO - [2026-04-19T07:22:31.065+0000] {dag.py:2915} INFO - Sync 1 DAGs
[2026-04-19T07:22:31.102+0000] {logging_mixin.py:151} INFO - [2026-04-19T07:22:31.102+0000] {dag.py:3696} INFO - Setting next_dagrun for csv_to_postgres to 2024-01-01T00:00:00+00:00, run_after=2024-01-01T00:00:00+00:00
[2026-04-19T07:22:31.151+0000] {processor.py:179} INFO - Processing /opt/airflow/dags/csv_to_postgres_dag.py took 0.895 seconds
[2026-04-19T07:23:09.840+0000] {processor.py:157} INFO - Started process (PID=164) to work on /opt/airflow/dags/csv_to_postgres_dag.py
[2026-04-19T07:23:09.907+0000] {processor.py:829} INFO - Processing file /opt/airflow/dags/csv_to_postgres_dag.py for tasks to queue
[2026-04-19T07:23:10.071+0000] {logging_mixin.py:151} INFO - [2026-04-19T07:23:10.052+0000] {dagbag.py:539} INFO - Filling up the DagBag from /opt/airflow/dags/csv_to_postgres_dag.py
[2026-04-19T07:23:52.426+0000] {logging_mixin.py:151} INFO - [2026-04-19T07:23:40.453+0000] {timeout.py:68} ERROR - Process timed out, PID: 164
[2026-04-19T07:23:52.560+0000] {logging_mixin.py:151} INFO - [2026-04-19T07:23:52.432+0000] {dagbag.py:347} ERROR - Failed to import: /opt/airflow/dags/csv_to_postgres_dag.py
Traceback (most recent call last):
  File "/home/airflow/.local/lib/python3.8/site-packages/airflow/models/dagbag.py", line 343, in parse
    loader.exec_module(new_module)
  File "<frozen importlib._bootstrap_external>", line 843, in exec_module
  File "<frozen importlib._bootstrap>", line 219, in _call_with_frames_removed
  File "/opt/airflow/dags/csv_to_postgres_dag.py", line 5, in <module>
    import pandas as pd
  File "/home/airflow/.local/lib/python3.8/site-packages/pandas/__init__.py", line 141, in <module>
    from pandas.io.api import (
  File "/home/airflow/.local/lib/python3.8/site-packages/pandas/io/api.py", line 37, in <module>
    from pandas.io.stata import read_stata
  File "/home/airflow/.local/lib/python3.8/site-packages/pandas/io/stata.py", line 822, in <module>
    class StataMissingValue:
  File "/home/airflow/.local/lib/python3.8/site-packages/pandas/io/stata.py", line 882, in StataMissingValue
    MISSING_VALUES[key] = "."
  File "/home/airflow/.local/lib/python3.8/site-packages/airflow/utils/timeout.py", line 69, in handle_timeout
    raise AirflowTaskTimeout(self.error_message)
airflow.exceptions.AirflowTaskTimeout: DagBag import timeout for /opt/airflow/dags/csv_to_postgres_dag.py after 30.0s.
Please take a look at these docs to improve your DAG import time:
* https://airflow.apache.org/docs/apache-airflow/2.7.1/best-practices.html#top-level-python-code
* https://airflow.apache.org/docs/apache-airflow/2.7.1/best-practices.html#reducing-dag-complexity, PID: 164
[2026-04-19T07:23:52.593+0000] {processor.py:841} WARNING - No viable dags retrieved from /opt/airflow/dags/csv_to_postgres_dag.py
[2026-04-19T07:24:24.491+0000] {processor.py:157} INFO - Started process (PID=166) to work on /opt/airflow/dags/csv_to_postgres_dag.py
[2026-04-19T07:24:24.509+0000] {processor.py:829} INFO - Processing file /opt/airflow/dags/csv_to_postgres_dag.py for tasks to queue
[2026-04-19T07:24:24.606+0000] {logging_mixin.py:151} INFO - [2026-04-19T07:24:24.587+0000] {dagbag.py:539} INFO - Filling up the DagBag from /opt/airflow/dags/csv_to_postgres_dag.py
[2026-04-19T07:24:55.727+0000] {processor.py:839} INFO - DAG(s) dict_keys(['csv_to_postgres']) retrieved from /opt/airflow/dags/csv_to_postgres_dag.py
[2026-04-19T07:25:14.454+0000] {logging_mixin.py:151} INFO - [2026-04-19T07:25:14.421+0000] {security.py:708} INFO - Not syncing DAG-level permissions for DAG 'DAG:csv_to_postgres' as access control is unset.
[2026-04-19T07:25:14.459+0000] {logging_mixin.py:151} INFO - [2026-04-19T07:25:14.458+0000] {dag.py:2915} INFO - Sync 1 DAGs
[2026-04-19T07:25:14.643+0000] {logging_mixin.py:151} INFO - [2026-04-19T07:25:14.639+0000] {dag.py:3696} INFO - Setting next_dagrun for csv_to_postgres to 2024-01-01T00:00:00+00:00, run_after=2024-01-01T00:00:00+00:00
[2026-04-19T07:25:46.070+0000] {processor.py:157} INFO - Started process (PID=168) to work on /opt/airflow/dags/csv_to_postgres_dag.py
[2026-04-19T07:25:46.080+0000] {processor.py:829} INFO - Processing file /opt/airflow/dags/csv_to_postgres_dag.py for tasks to queue
[2026-04-19T07:25:46.108+0000] {logging_mixin.py:151} INFO - [2026-04-19T07:25:46.094+0000] {dagbag.py:539} INFO - Filling up the DagBag from /opt/airflow/dags/csv_to_postgres_dag.py
[2026-04-19T07:25:49.224+0000] {processor.py:839} INFO - DAG(s) dict_keys(['csv_to_postgres']) retrieved from /opt/airflow/dags/csv_to_postgres_dag.py
[2026-04-19T07:25:49.850+0000] {logging_mixin.py:151} INFO - [2026-04-19T07:25:49.846+0000] {dag.py:2915} INFO - Sync 1 DAGs
[2026-04-19T07:25:50.115+0000] {logging_mixin.py:151} INFO - [2026-04-19T07:25:50.111+0000] {dag.py:3696} INFO - Setting next_dagrun for csv_to_postgres to 2024-01-01T00:00:00+00:00, run_after=2024-01-01T00:00:00+00:00
[2026-04-19T07:25:50.262+0000] {processor.py:179} INFO - Processing /opt/airflow/dags/csv_to_postgres_dag.py took 4.398 seconds
[2026-04-19T07:26:20.602+0000] {processor.py:157} INFO - Started process (PID=170) to work on /opt/airflow/dags/csv_to_postgres_dag.py
[2026-04-19T07:26:20.605+0000] {processor.py:829} INFO - Processing file /opt/airflow/dags/csv_to_postgres_dag.py for tasks to queue
[2026-04-19T07:26:20.610+0000] {logging_mixin.py:151} INFO - [2026-04-19T07:26:20.607+0000] {dagbag.py:539} INFO - Filling up the DagBag from /opt/airflow/dags/csv_to_postgres_dag.py
[2026-04-19T07:26:21.721+0000] {processor.py:839} INFO - DAG(s) dict_keys(['csv_to_postgres']) retrieved from /opt/airflow/dags/csv_to_postgres_dag.py
[2026-04-19T07:26:21.849+0000] {logging_mixin.py:151} INFO - [2026-04-19T07:26:21.845+0000] {dag.py:2915} INFO - Sync 1 DAGs
[2026-04-19T07:26:21.898+0000] {logging_mixin.py:151} INFO - [2026-04-19T07:26:21.898+0000] {dag.py:3696} INFO - Setting next_dagrun for csv_to_postgres to 2024-01-01T00:00:00+00:00, run_after=2024-01-01T00:00:00+00:00
[2026-04-19T07:26:21.939+0000] {processor.py:179} INFO - Processing /opt/airflow/dags/csv_to_postgres_dag.py took 1.346 seconds
[2026-04-19T07:26:52.263+0000] {processor.py:157} INFO - Started process (PID=172) to work on /opt/airflow/dags/csv_to_postgres_dag.py
[2026-04-19T07:26:52.266+0000] {processor.py:829} INFO - Processing file /opt/airflow/dags/csv_to_postgres_dag.py for tasks to queue
[2026-04-19T07:26:52.272+0000] {logging_mixin.py:151} INFO - [2026-04-19T07:26:52.269+0000] {dagbag.py:539} INFO - Filling up the DagBag from /opt/airflow/dags/csv_to_postgres_dag.py
[2026-04-19T07:26:53.266+0000] {processor.py:839} INFO - DAG(s) dict_keys(['csv_to_postgres']) retrieved from /opt/airflow/dags/csv_to_postgres_dag.py
[2026-04-19T07:26:53.414+0000] {logging_mixin.py:151} INFO - [2026-04-19T07:26:53.410+0000] {dag.py:2915} INFO - Sync 1 DAGs
[2026-04-19T07:26:53.472+0000] {logging_mixin.py:151} INFO - [2026-04-19T07:26:53.471+0000] {dag.py:3696} INFO - Setting next_dagrun for csv_to_postgres to 2024-01-01T00:00:00+00:00, run_after=2024-01-01T00:00:00+00:00
[2026-04-19T07:26:53.520+0000] {processor.py:179} INFO - Processing /opt/airflow/dags/csv_to_postgres_dag.py took 1.272 seconds
[2026-04-19T07:27:23.838+0000] {processor.py:157} INFO - Started process (PID=174) to work on /opt/airflow/dags/csv_to_postgres_dag.py
[2026-04-19T07:27:23.840+0000] {processor.py:829} INFO - Processing file /opt/airflow/dags/csv_to_postgres_dag.py for tasks to queue
[2026-04-19T07:27:23.845+0000] {logging_mixin.py:151} INFO - [2026-04-19T07:27:23.841+0000] {dagbag.py:539} INFO - Filling up the DagBag from /opt/airflow/dags/csv_to_postgres_dag.py
[2026-04-19T07:27:25.456+0000] {processor.py:839} INFO - DAG(s) dict_keys(['csv_to_postgres']) retrieved from /opt/airflow/dags/csv_to_postgres_dag.py
[2026-04-19T07:27:25.850+0000] {logging_mixin.py:151} INFO - [2026-04-19T07:27:25.844+0000] {dag.py:2915} INFO - Sync 1 DAGs
[2026-04-19T07:27:26.120+0000] {logging_mixin.py:151} INFO - [2026-04-19T07:27:26.118+0000] {dag.py:3696} INFO - Setting next_dagrun for csv_to_postgres to 2024-01-01T00:00:00+00:00, run_after=2024-01-01T00:00:00+00:00
[2026-04-19T07:27:26.199+0000] {processor.py:179} INFO - Processing /opt/airflow/dags/csv_to_postgres_dag.py took 2.376 seconds
[2026-04-19T07:31:29.128+0000] {processor.py:157} INFO - Started process (PID=38) to work on /opt/airflow/dags/csv_to_postgres_dag.py
[2026-04-19T07:31:29.130+0000] {processor.py:829} INFO - Processing file /opt/airflow/dags/csv_to_postgres_dag.py for tasks to queue
[2026-04-19T07:31:29.134+0000] {logging_mixin.py:151} INFO - [2026-04-19T07:31:29.134+0000] {dagbag.py:539} INFO - Filling up the DagBag from /opt/airflow/dags/csv_to_postgres_dag.py
[2026-04-19T07:31:31.060+0000] {processor.py:839} INFO - DAG(s) dict_keys(['csv_to_postgres']) retrieved from /opt/airflow/dags/csv_to_postgres_dag.py
[2026-04-19T07:31:31.135+0000] {logging_mixin.py:151} INFO - [2026-04-19T07:31:31.134+0000] {dag.py:2915} INFO - Sync 1 DAGs
[2026-04-19T07:31:31.176+0000] {logging_mixin.py:151} INFO - [2026-04-19T07:31:31.175+0000] {dag.py:3696} INFO - Setting next_dagrun for csv_to_postgres to 2024-01-01T00:00:00+00:00, run_after=2024-01-01T00:00:00+00:00
[2026-04-19T07:31:31.214+0000] {processor.py:179} INFO - Processing /opt/airflow/dags/csv_to_postgres_dag.py took 2.091 seconds
[2026-04-19T07:32:02.354+0000] {processor.py:157} INFO - Started process (PID=40) to work on /opt/airflow/dags/csv_to_postgres_dag.py
[2026-04-19T07:32:02.368+0000] {processor.py:829} INFO - Processing file /opt/airflow/dags/csv_to_postgres_dag.py for tasks to queue
[2026-04-19T07:32:02.485+0000] {logging_mixin.py:151} INFO - [2026-04-19T07:32:02.472+0000] {dagbag.py:539} INFO - Filling up the DagBag from /opt/airflow/dags/csv_to_postgres_dag.py
[2026-04-19T07:32:05.276+0000] {processor.py:839} INFO - DAG(s) dict_keys(['csv_to_postgres']) retrieved from /opt/airflow/dags/csv_to_postgres_dag.py
[2026-04-19T07:32:05.723+0000] {logging_mixin.py:151} INFO - [2026-04-19T07:32:05.722+0000] {dag.py:2915} INFO - Sync 1 DAGs
[2026-04-19T07:32:05.958+0000] {logging_mixin.py:151} INFO - [2026-04-19T07:32:05.957+0000] {dag.py:3696} INFO - Setting next_dagrun for csv_to_postgres to 2024-01-01T00:00:00+00:00, run_after=2024-01-01T00:00:00+00:00
[2026-04-19T07:32:06.068+0000] {processor.py:179} INFO - Processing /opt/airflow/dags/csv_to_postgres_dag.py took 3.891 seconds
[2026-04-19T07:32:36.355+0000] {processor.py:157} INFO - Started process (PID=42) to work on /opt/airflow/dags/csv_to_postgres_dag.py
[2026-04-19T07:32:36.363+0000] {processor.py:829} INFO - Processing file /opt/airflow/dags/csv_to_postgres_dag.py for tasks to queue
[2026-04-19T07:32:36.370+0000] {logging_mixin.py:151} INFO - [2026-04-19T07:32:36.369+0000] {dagbag.py:539} INFO - Filling up the DagBag from /opt/airflow/dags/csv_to_postgres_dag.py
[2026-04-19T07:32:36.882+0000] {processor.py:839} INFO - DAG(s) dict_keys(['csv_to_postgres']) retrieved from /opt/airflow/dags/csv_to_postgres_dag.py
[2026-04-19T07:32:36.938+0000] {logging_mixin.py:151} INFO - [2026-04-19T07:32:36.937+0000] {dag.py:2915} INFO - Sync 1 DAGs
[2026-04-19T07:32:36.986+0000] {logging_mixin.py:151} INFO - [2026-04-19T07:32:36.986+0000] {dag.py:3696} INFO - Setting next_dagrun for csv_to_postgres to None, run_after=None
[2026-04-19T07:32:37.025+0000] {processor.py:179} INFO - Processing /opt/airflow/dags/csv_to_postgres_dag.py took 0.679 seconds
[2026-04-19T07:33:07.316+0000] {processor.py:157} INFO - Started process (PID=44) to work on /opt/airflow/dags/csv_to_postgres_dag.py
[2026-04-19T07:33:07.319+0000] {processor.py:829} INFO - Processing file /opt/airflow/dags/csv_to_postgres_dag.py for tasks to queue
[2026-04-19T07:33:07.326+0000] {logging_mixin.py:151} INFO - [2026-04-19T07:33:07.325+0000] {dagbag.py:539} INFO - Filling up the DagBag from /opt/airflow/dags/csv_to_postgres_dag.py
[2026-04-19T07:33:07.893+0000] {processor.py:839} INFO - DAG(s) dict_keys(['csv_to_postgres']) retrieved from /opt/airflow/dags/csv_to_postgres_dag.py
[2026-04-19T07:33:07.963+0000] {logging_mixin.py:151} INFO - [2026-04-19T07:33:07.962+0000] {dag.py:2915} INFO - Sync 1 DAGs
[2026-04-19T07:33:08.010+0000] {logging_mixin.py:151} INFO - [2026-04-19T07:33:08.010+0000] {dag.py:3696} INFO - Setting next_dagrun for csv_to_postgres to None, run_after=None
[2026-04-19T07:33:08.052+0000] {processor.py:179} INFO - Processing /opt/airflow/dags/csv_to_postgres_dag.py took 0.744 seconds
[2026-04-19T07:33:38.381+0000] {processor.py:157} INFO - Started process (PID=46) to work on /opt/airflow/dags/csv_to_postgres_dag.py
[2026-04-19T07:33:38.383+0000] {processor.py:829} INFO - Processing file /opt/airflow/dags/csv_to_postgres_dag.py for tasks to queue
[2026-04-19T07:33:38.390+0000] {logging_mixin.py:151} INFO - [2026-04-19T07:33:38.389+0000] {dagbag.py:539} INFO - Filling up the DagBag from /opt/airflow/dags/csv_to_postgres_dag.py
[2026-04-19T07:33:38.955+0000] {processor.py:839} INFO - DAG(s) dict_keys(['csv_to_postgres']) retrieved from /opt/airflow/dags/csv_to_postgres_dag.py
[2026-04-19T07:33:39.016+0000] {logging_mixin.py:151} INFO - [2026-04-19T07:33:39.015+0000] {dag.py:2915} INFO - Sync 1 DAGs
[2026-04-19T07:33:39.062+0000] {logging_mixin.py:151} INFO - [2026-04-19T07:33:39.062+0000] {dag.py:3696} INFO - Setting next_dagrun for csv_to_postgres to None, run_after=None
[2026-04-19T07:33:39.114+0000] {processor.py:179} INFO - Processing /opt/airflow/dags/csv_to_postgres_dag.py took 0.742 seconds
[2026-04-19T07:34:09.408+0000] {processor.py:157} INFO - Started process (PID=48) to work on /opt/airflow/dags/csv_to_postgres_dag.py
[2026-04-19T07:34:09.410+0000] {processor.py:829} INFO - Processing file /opt/airflow/dags/csv_to_postgres_dag.py for tasks to queue
[2026-04-19T07:34:09.416+0000] {logging_mixin.py:151} INFO - [2026-04-19T07:34:09.415+0000] {dagbag.py:539} INFO - Filling up the DagBag from /opt/airflow/dags/csv_to_postgres_dag.py
[2026-04-19T07:34:09.880+0000] {processor.py:839} INFO - DAG(s) dict_keys(['csv_to_postgres']) retrieved from /opt/airflow/dags/csv_to_postgres_dag.py
[2026-04-19T07:34:09.937+0000] {logging_mixin.py:151} INFO - [2026-04-19T07:34:09.936+0000] {dag.py:2915} INFO - Sync 1 DAGs
[2026-04-19T07:34:09.989+0000] {logging_mixin.py:151} INFO - [2026-04-19T07:34:09.989+0000] {dag.py:3696} INFO - Setting next_dagrun for csv_to_postgres to None, run_after=None
[2026-04-19T07:34:10.036+0000] {processor.py:179} INFO - Processing /opt/airflow/dags/csv_to_postgres_dag.py took 0.638 seconds
[2026-04-19T07:34:40.341+0000] {processor.py:157} INFO - Started process (PID=50) to work on /opt/airflow/dags/csv_to_postgres_dag.py
[2026-04-19T07:34:40.344+0000] {processor.py:829} INFO - Processing file /opt/airflow/dags/csv_to_postgres_dag.py for tasks to queue
[2026-04-19T07:34:40.356+0000] {logging_mixin.py:151} INFO - [2026-04-19T07:34:40.352+0000] {dagbag.py:539} INFO - Filling up the DagBag from /opt/airflow/dags/csv_to_postgres_dag.py
[2026-04-19T07:34:40.947+0000] {processor.py:839} INFO - DAG(s) dict_keys(['csv_to_postgres']) retrieved from /opt/airflow/dags/csv_to_postgres_dag.py
[2026-04-19T07:34:41.003+0000] {logging_mixin.py:151} INFO - [2026-04-19T07:34:41.002+0000] {dag.py:2915} INFO - Sync 1 DAGs
[2026-04-19T07:34:41.045+0000] {logging_mixin.py:151} INFO - [2026-04-19T07:34:41.044+0000] {dag.py:3696} INFO - Setting next_dagrun for csv_to_postgres to None, run_after=None
[2026-04-19T07:34:41.087+0000] {processor.py:179} INFO - Processing /opt/airflow/dags/csv_to_postgres_dag.py took 0.751 seconds
[2026-04-19T07:35:11.382+0000] {processor.py:157} INFO - Started process (PID=52) to work on /opt/airflow/dags/csv_to_postgres_dag.py
[2026-04-19T07:35:11.384+0000] {processor.py:829} INFO - Processing file /opt/airflow/dags/csv_to_postgres_dag.py for tasks to queue
[2026-04-19T07:35:11.393+0000] {logging_mixin.py:151} INFO - [2026-04-19T07:35:11.391+0000] {dagbag.py:539} INFO - Filling up the DagBag from /opt/airflow/dags/csv_to_postgres_dag.py
[2026-04-19T07:35:11.871+0000] {processor.py:839} INFO - DAG(s) dict_keys(['csv_to_postgres']) retrieved from /opt/airflow/dags/csv_to_postgres_dag.py
[2026-04-19T07:35:11.931+0000] {logging_mixin.py:151} INFO - [2026-04-19T07:35:11.930+0000] {dag.py:2915} INFO - Sync 1 DAGs
[2026-04-19T07:35:12.001+0000] {logging_mixin.py:151} INFO - [2026-04-19T07:35:12.001+0000] {dag.py:3696} INFO - Setting next_dagrun for csv_to_postgres to None, run_after=None
[2026-04-19T07:35:12.073+0000] {processor.py:179} INFO - Processing /opt/airflow/dags/csv_to_postgres_dag.py took 0.698 seconds
[2026-04-19T07:35:42.237+0000] {processor.py:157} INFO - Started process (PID=54) to work on /opt/airflow/dags/csv_to_postgres_dag.py
[2026-04-19T07:35:42.240+0000] {processor.py:829} INFO - Processing file /opt/airflow/dags/csv_to_postgres_dag.py for tasks to queue
[2026-04-19T07:35:42.246+0000] {logging_mixin.py:151} INFO - [2026-04-19T07:35:42.245+0000] {dagbag.py:539} INFO - Filling up the DagBag from /opt/airflow/dags/csv_to_postgres_dag.py
[2026-04-19T07:35:42.707+0000] {processor.py:839} INFO - DAG(s) dict_keys(['csv_to_postgres']) retrieved from /opt/airflow/dags/csv_to_postgres_dag.py
[2026-04-19T07:35:42.771+0000] {logging_mixin.py:151} INFO - [2026-04-19T07:35:42.770+0000] {dag.py:2915} INFO - Sync 1 DAGs
[2026-04-19T07:35:42.820+0000] {logging_mixin.py:151} INFO - [2026-04-19T07:35:42.820+0000] {dag.py:3696} INFO - Setting next_dagrun for csv_to_postgres to None, run_after=None
[2026-04-19T07:35:42.867+0000] {processor.py:179} INFO - Processing /opt/airflow/dags/csv_to_postgres_dag.py took 0.638 seconds
[2026-04-19T07:36:13.151+0000] {processor.py:157} INFO - Started process (PID=56) to work on /opt/airflow/dags/csv_to_postgres_dag.py
[2026-04-19T07:36:13.158+0000] {processor.py:829} INFO - Processing file /opt/airflow/dags/csv_to_postgres_dag.py for tasks to queue
[2026-04-19T07:36:13.166+0000] {logging_mixin.py:151} INFO - [2026-04-19T07:36:13.165+0000] {dagbag.py:539} INFO - Filling up the DagBag from /opt/airflow/dags/csv_to_postgres_dag.py
[2026-04-19T07:36:13.716+0000] {processor.py:839} INFO - DAG(s) dict_keys(['csv_to_postgres']) retrieved from /opt/airflow/dags/csv_to_postgres_dag.py
[2026-04-19T07:36:13.800+0000] {logging_mixin.py:151} INFO - [2026-04-19T07:36:13.799+0000] {dag.py:2915} INFO - Sync 1 DAGs
[2026-04-19T07:36:13.858+0000] {logging_mixin.py:151} INFO - [2026-04-19T07:36:13.857+0000] {dag.py:3696} INFO - Setting next_dagrun for csv_to_postgres to None, run_after=None
[2026-04-19T07:36:13.919+0000] {processor.py:179} INFO - Processing /opt/airflow/dags/csv_to_postgres_dag.py took 0.776 seconds
[2026-04-19T07:36:44.296+0000] {processor.py:157} INFO - Started process (PID=58) to work on /opt/airflow/dags/csv_to_postgres_dag.py
[2026-04-19T07:36:44.302+0000] {processor.py:829} INFO - Processing file /opt/airflow/dags/csv_to_postgres_dag.py for tasks to queue
[2026-04-19T07:36:44.356+0000] {logging_mixin.py:151} INFO - [2026-04-19T07:36:44.348+0000] {dagbag.py:539} INFO - Filling up the DagBag from /opt/airflow/dags/csv_to_postgres_dag.py
[2026-04-19T07:36:44.829+0000] {processor.py:839} INFO - DAG(s) dict_keys(['csv_to_postgres']) retrieved from /opt/airflow/dags/csv_to_postgres_dag.py
[2026-04-19T07:36:44.906+0000] {logging_mixin.py:151} INFO - [2026-04-19T07:36:44.906+0000] {dag.py:2915} INFO - Sync 1 DAGs
[2026-04-19T07:36:44.960+0000] {logging_mixin.py:151} INFO - [2026-04-19T07:36:44.959+0000] {dag.py:3696} INFO - Setting next_dagrun for csv_to_postgres to None, run_after=None
[2026-04-19T07:36:45.010+0000] {processor.py:179} INFO - Processing /opt/airflow/dags/csv_to_postgres_dag.py took 0.776 seconds
[2026-04-19T07:37:15.203+0000] {processor.py:157} INFO - Started process (PID=60) to work on /opt/airflow/dags/csv_to_postgres_dag.py
[2026-04-19T07:37:15.206+0000] {processor.py:829} INFO - Processing file /opt/airflow/dags/csv_to_postgres_dag.py for tasks to queue
[2026-04-19T07:37:15.213+0000] {logging_mixin.py:151} INFO - [2026-04-19T07:37:15.212+0000] {dagbag.py:539} INFO - Filling up the DagBag from /opt/airflow/dags/csv_to_postgres_dag.py
[2026-04-19T07:37:15.952+0000] {processor.py:839} INFO - DAG(s) dict_keys(['csv_to_postgres']) retrieved from /opt/airflow/dags/csv_to_postgres_dag.py
[2026-04-19T07:37:16.017+0000] {logging_mixin.py:151} INFO - [2026-04-19T07:37:16.016+0000] {dag.py:2915} INFO - Sync 1 DAGs
[2026-04-19T07:37:16.064+0000] {logging_mixin.py:151} INFO - [2026-04-19T07:37:16.064+0000] {dag.py:3696} INFO - Setting next_dagrun for csv_to_postgres to None, run_after=None
[2026-04-19T07:37:16.103+0000] {processor.py:179} INFO - Processing /opt/airflow/dags/csv_to_postgres_dag.py took 0.908 seconds
[2026-04-19T07:37:46.402+0000] {processor.py:157} INFO - Started process (PID=62) to work on /opt/airflow/dags/csv_to_postgres_dag.py
[2026-04-19T07:37:46.404+0000] {processor.py:829} INFO - Processing file /opt/airflow/dags/csv_to_postgres_dag.py for tasks to queue
[2026-04-19T07:37:46.411+0000] {logging_mixin.py:151} INFO - [2026-04-19T07:37:46.410+0000] {dagbag.py:539} INFO - Filling up the DagBag from /opt/airflow/dags/csv_to_postgres_dag.py
[2026-04-19T07:37:46.872+0000] {processor.py:839} INFO - DAG(s) dict_keys(['csv_to_postgres']) retrieved from /opt/airflow/dags/csv_to_postgres_dag.py
[2026-04-19T07:37:46.929+0000] {logging_mixin.py:151} INFO - [2026-04-19T07:37:46.928+0000] {dag.py:2915} INFO - Sync 1 DAGs
[2026-04-19T07:37:46.982+0000] {logging_mixin.py:151} INFO - [2026-04-19T07:37:46.981+0000] {dag.py:3696} INFO - Setting next_dagrun for csv_to_postgres to None, run_after=None
[2026-04-19T07:37:47.025+0000] {processor.py:179} INFO - Processing /opt/airflow/dags/csv_to_postgres_dag.py took 0.629 seconds
[2026-04-19T07:38:17.323+0000] {processor.py:157} INFO - Started process (PID=64) to work on /opt/airflow/dags/csv_to_postgres_dag.py
[2026-04-19T07:38:17.325+0000] {processor.py:829} INFO - Processing file /opt/airflow/dags/csv_to_postgres_dag.py for tasks to queue
[2026-04-19T07:38:17.330+0000] {logging_mixin.py:151} INFO - [2026-04-19T07:38:17.329+0000] {dagbag.py:539} INFO - Filling up the DagBag from /opt/airflow/dags/csv_to_postgres_dag.py
[2026-04-19T07:38:17.864+0000] {processor.py:839} INFO - DAG(s) dict_keys(['csv_to_postgres']) retrieved from /opt/airflow/dags/csv_to_postgres_dag.py
[2026-04-19T07:38:17.927+0000] {logging_mixin.py:151} INFO - [2026-04-19T07:38:17.926+0000] {dag.py:2915} INFO - Sync 1 DAGs
[2026-04-19T07:38:17.983+0000] {logging_mixin.py:151} INFO - [2026-04-19T07:38:17.983+0000] {dag.py:3696} INFO - Setting next_dagrun for csv_to_postgres to None, run_after=None
[2026-04-19T07:38:18.060+0000] {processor.py:179} INFO - Processing /opt/airflow/dags/csv_to_postgres_dag.py took 0.747 seconds
[2026-04-19T07:38:48.336+0000] {processor.py:157} INFO - Started process (PID=66) to work on /opt/airflow/dags/csv_to_postgres_dag.py
[2026-04-19T07:38:48.338+0000] {processor.py:829} INFO - Processing file /opt/airflow/dags/csv_to_postgres_dag.py for tasks to queue
[2026-04-19T07:38:48.344+0000] {logging_mixin.py:151} INFO - [2026-04-19T07:38:48.343+0000] {dagbag.py:539} INFO - Filling up the DagBag from /opt/airflow/dags/csv_to_postgres_dag.py
[2026-04-19T07:38:48.799+0000] {processor.py:839} INFO - DAG(s) dict_keys(['csv_to_postgres']) retrieved from /opt/airflow/dags/csv_to_postgres_dag.py
[2026-04-19T07:38:48.859+0000] {logging_mixin.py:151} INFO - [2026-04-19T07:38:48.858+0000] {dag.py:2915} INFO - Sync 1 DAGs
[2026-04-19T07:38:48.907+0000] {logging_mixin.py:151} INFO - [2026-04-19T07:38:48.907+0000] {dag.py:3696} INFO - Setting next_dagrun for csv_to_postgres to None, run_after=None
[2026-04-19T07:38:48.950+0000] {processor.py:179} INFO - Processing /opt/airflow/dags/csv_to_postgres_dag.py took 0.623 seconds
[2026-04-19T07:39:19.238+0000] {processor.py:157} INFO - Started process (PID=68) to work on /opt/airflow/dags/csv_to_postgres_dag.py
[2026-04-19T07:39:19.239+0000] {processor.py:829} INFO - Processing file /opt/airflow/dags/csv_to_postgres_dag.py for tasks to queue
[2026-04-19T07:39:19.246+0000] {logging_mixin.py:151} INFO - [2026-04-19T07:39:19.245+0000] {dagbag.py:539} INFO - Filling up the DagBag from /opt/airflow/dags/csv_to_postgres_dag.py
[2026-04-19T07:39:19.698+0000] {processor.py:839} INFO - DAG(s) dict_keys(['csv_to_postgres']) retrieved from /opt/airflow/dags/csv_to_postgres_dag.py
[2026-04-19T07:39:19.758+0000] {logging_mixin.py:151} INFO - [2026-04-19T07:39:19.757+0000] {dag.py:2915} INFO - Sync 1 DAGs
[2026-04-19T07:39:19.805+0000] {logging_mixin.py:151} INFO - [2026-04-19T07:39:19.804+0000] {dag.py:3696} INFO - Setting next_dagrun for csv_to_postgres to None, run_after=None
[2026-04-19T07:39:19.847+0000] {processor.py:179} INFO - Processing /opt/airflow/dags/csv_to_postgres_dag.py took 0.617 seconds
[2026-04-19T07:39:50.181+0000] {processor.py:157} INFO - Started process (PID=77) to work on /opt/airflow/dags/csv_to_postgres_dag.py
[2026-04-19T07:39:50.187+0000] {processor.py:829} INFO - Processing file /opt/airflow/dags/csv_to_postgres_dag.py for tasks to queue
[2026-04-19T07:39:50.219+0000] {logging_mixin.py:151} INFO - [2026-04-19T07:39:50.215+0000] {dagbag.py:539} INFO - Filling up the DagBag from /opt/airflow/dags/csv_to_postgres_dag.py
[2026-04-19T07:39:52.093+0000] {processor.py:839} INFO - DAG(s) dict_keys(['csv_to_postgres']) retrieved from /opt/airflow/dags/csv_to_postgres_dag.py
[2026-04-19T07:39:52.460+0000] {logging_mixin.py:151} INFO - [2026-04-19T07:39:52.458+0000] {dag.py:2915} INFO - Sync 1 DAGs
[2026-04-19T07:39:52.727+0000] {logging_mixin.py:151} INFO - [2026-04-19T07:39:52.727+0000] {dag.py:3696} INFO - Setting next_dagrun for csv_to_postgres to None, run_after=None
[2026-04-19T07:39:52.843+0000] {processor.py:179} INFO - Processing /opt/airflow/dags/csv_to_postgres_dag.py took 2.689 seconds
[2026-04-19T07:40:23.104+0000] {processor.py:157} INFO - Started process (PID=85) to work on /opt/airflow/dags/csv_to_postgres_dag.py
[2026-04-19T07:40:23.107+0000] {processor.py:829} INFO - Processing file /opt/airflow/dags/csv_to_postgres_dag.py for tasks to queue
[2026-04-19T07:40:23.112+0000] {logging_mixin.py:151} INFO - [2026-04-19T07:40:23.112+0000] {dagbag.py:539} INFO - Filling up the DagBag from /opt/airflow/dags/csv_to_postgres_dag.py
[2026-04-19T07:40:23.564+0000] {processor.py:839} INFO - DAG(s) dict_keys(['csv_to_postgres']) retrieved from /opt/airflow/dags/csv_to_postgres_dag.py
[2026-04-19T07:40:23.621+0000] {logging_mixin.py:151} INFO - [2026-04-19T07:40:23.621+0000] {dag.py:2915} INFO - Sync 1 DAGs
[2026-04-19T07:40:23.665+0000] {logging_mixin.py:151} INFO - [2026-04-19T07:40:23.665+0000] {dag.py:3696} INFO - Setting next_dagrun for csv_to_postgres to None, run_after=None
[2026-04-19T07:40:23.713+0000] {processor.py:179} INFO - Processing /opt/airflow/dags/csv_to_postgres_dag.py took 0.618 seconds
[2026-04-19T07:40:54.021+0000] {processor.py:157} INFO - Started process (PID=106) to work on /opt/airflow/dags/csv_to_postgres_dag.py
[2026-04-19T07:40:54.023+0000] {processor.py:829} INFO - Processing file /opt/airflow/dags/csv_to_postgres_dag.py for tasks to queue
[2026-04-19T07:40:54.031+0000] {logging_mixin.py:151} INFO - [2026-04-19T07:40:54.029+0000] {dagbag.py:539} INFO - Filling up the DagBag from /opt/airflow/dags/csv_to_postgres_dag.py
[2026-04-19T07:40:54.553+0000] {processor.py:839} INFO - DAG(s) dict_keys(['csv_to_postgres']) retrieved from /opt/airflow/dags/csv_to_postgres_dag.py
[2026-04-19T07:40:54.612+0000] {logging_mixin.py:151} INFO - [2026-04-19T07:40:54.612+0000] {dag.py:2915} INFO - Sync 1 DAGs
[2026-04-19T07:40:54.658+0000] {logging_mixin.py:151} INFO - [2026-04-19T07:40:54.658+0000] {dag.py:3696} INFO - Setting next_dagrun for csv_to_postgres to None, run_after=None
[2026-04-19T07:40:54.701+0000] {processor.py:179} INFO - Processing /opt/airflow/dags/csv_to_postgres_dag.py took 0.686 seconds
[2026-04-19T07:41:48.158+0000] {processor.py:157} INFO - Started process (PID=171) to work on /opt/airflow/dags/csv_to_postgres_dag.py
[2026-04-19T07:41:48.163+0000] {processor.py:829} INFO - Processing file /opt/airflow/dags/csv_to_postgres_dag.py for tasks to queue
[2026-04-19T07:41:48.167+0000] {logging_mixin.py:151} INFO - [2026-04-19T07:41:48.164+0000] {dagbag.py:539} INFO - Filling up the DagBag from /opt/airflow/dags/csv_to_postgres_dag.py
[2026-04-19T07:41:51.653+0000] {processor.py:839} INFO - DAG(s) dict_keys(['csv_to_postgres']) retrieved from /opt/airflow/dags/csv_to_postgres_dag.py
[2026-04-19T07:41:51.753+0000] {logging_mixin.py:151} INFO - [2026-04-19T07:41:51.752+0000] {dag.py:2915} INFO - Sync 1 DAGs
[2026-04-19T07:41:51.812+0000] {logging_mixin.py:151} INFO - [2026-04-19T07:41:51.812+0000] {dag.py:3696} INFO - Setting next_dagrun for csv_to_postgres to None, run_after=None
[2026-04-19T07:41:51.871+0000] {processor.py:179} INFO - Processing /opt/airflow/dags/csv_to_postgres_dag.py took 3.716 seconds
[2026-04-19T07:42:22.624+0000] {processor.py:157} INFO - Started process (PID=187) to work on /opt/airflow/dags/csv_to_postgres_dag.py
[2026-04-19T07:42:22.635+0000] {processor.py:829} INFO - Processing file /opt/airflow/dags/csv_to_postgres_dag.py for tasks to queue
[2026-04-19T07:42:22.652+0000] {logging_mixin.py:151} INFO - [2026-04-19T07:42:22.645+0000] {dagbag.py:539} INFO - Filling up the DagBag from /opt/airflow/dags/csv_to_postgres_dag.py
[2026-04-19T07:42:27.197+0000] {processor.py:839} INFO - DAG(s) dict_keys(['csv_to_postgres']) retrieved from /opt/airflow/dags/csv_to_postgres_dag.py
[2026-04-19T07:42:27.307+0000] {logging_mixin.py:151} INFO - [2026-04-19T07:42:27.307+0000] {dag.py:2915} INFO - Sync 1 DAGs
[2026-04-19T07:42:27.367+0000] {logging_mixin.py:151} INFO - [2026-04-19T07:42:27.366+0000] {dag.py:3696} INFO - Setting next_dagrun for csv_to_postgres to None, run_after=None
[2026-04-19T07:42:27.419+0000] {processor.py:179} INFO - Processing /opt/airflow/dags/csv_to_postgres_dag.py took 4.879 seconds
[2026-04-19T07:42:57.742+0000] {processor.py:157} INFO - Started process (PID=193) to work on /opt/airflow/dags/csv_to_postgres_dag.py
[2026-04-19T07:42:57.746+0000] {processor.py:829} INFO - Processing file /opt/airflow/dags/csv_to_postgres_dag.py for tasks to queue
[2026-04-19T07:42:57.750+0000] {logging_mixin.py:151} INFO - [2026-04-19T07:42:57.749+0000] {dagbag.py:539} INFO - Filling up the DagBag from /opt/airflow/dags/csv_to_postgres_dag.py
[2026-04-19T07:42:58.480+0000] {processor.py:839} INFO - DAG(s) dict_keys(['csv_to_postgres']) retrieved from /opt/airflow/dags/csv_to_postgres_dag.py
[2026-04-19T07:42:58.542+0000] {logging_mixin.py:151} INFO - [2026-04-19T07:42:58.541+0000] {dag.py:2915} INFO - Sync 1 DAGs
[2026-04-19T07:42:58.580+0000] {logging_mixin.py:151} INFO - [2026-04-19T07:42:58.580+0000] {dag.py:3696} INFO - Setting next_dagrun for csv_to_postgres to None, run_after=None
[2026-04-19T07:42:58.619+0000] {processor.py:179} INFO - Processing /opt/airflow/dags/csv_to_postgres_dag.py took 0.890 seconds
[2026-04-19T07:43:28.952+0000] {processor.py:157} INFO - Started process (PID=199) to work on /opt/airflow/dags/csv_to_postgres_dag.py
[2026-04-19T07:43:28.960+0000] {processor.py:829} INFO - Processing file /opt/airflow/dags/csv_to_postgres_dag.py for tasks to queue
[2026-04-19T07:43:28.963+0000] {logging_mixin.py:151} INFO - [2026-04-19T07:43:28.962+0000] {dagbag.py:539} INFO - Filling up the DagBag from /opt/airflow/dags/csv_to_postgres_dag.py
[2026-04-19T07:43:29.650+0000] {processor.py:839} INFO - DAG(s) dict_keys(['csv_to_postgres']) retrieved from /opt/airflow/dags/csv_to_postgres_dag.py
[2026-04-19T07:43:29.707+0000] {logging_mixin.py:151} INFO - [2026-04-19T07:43:29.706+0000] {dag.py:2915} INFO - Sync 1 DAGs
[2026-04-19T07:43:29.754+0000] {logging_mixin.py:151} INFO - [2026-04-19T07:43:29.754+0000] {dag.py:3696} INFO - Setting next_dagrun for csv_to_postgres to None, run_after=None
[2026-04-19T07:43:29.794+0000] {processor.py:179} INFO - Processing /opt/airflow/dags/csv_to_postgres_dag.py took 0.852 seconds
[2026-04-19T07:44:00.363+0000] {processor.py:157} INFO - Started process (PID=205) to work on /opt/airflow/dags/csv_to_postgres_dag.py
[2026-04-19T07:44:00.374+0000] {processor.py:829} INFO - Processing file /opt/airflow/dags/csv_to_postgres_dag.py for tasks to queue
[2026-04-19T07:44:00.407+0000] {logging_mixin.py:151} INFO - [2026-04-19T07:44:00.393+0000] {dagbag.py:539} INFO - Filling up the DagBag from /opt/airflow/dags/csv_to_postgres_dag.py
[2026-04-19T07:44:01.883+0000] {processor.py:839} INFO - DAG(s) dict_keys(['csv_to_postgres']) retrieved from /opt/airflow/dags/csv_to_postgres_dag.py
[2026-04-19T07:44:01.946+0000] {logging_mixin.py:151} INFO - [2026-04-19T07:44:01.946+0000] {dag.py:2915} INFO - Sync 1 DAGs
[2026-04-19T07:44:01.989+0000] {logging_mixin.py:151} INFO - [2026-04-19T07:44:01.989+0000] {dag.py:3696} INFO - Setting next_dagrun for csv_to_postgres to None, run_after=None
[2026-04-19T07:44:02.025+0000] {processor.py:179} INFO - Processing /opt/airflow/dags/csv_to_postgres_dag.py took 1.744 seconds
[2026-04-19T07:44:11.165+0000] {processor.py:157} INFO - Started process (PID=211) to work on /opt/airflow/dags/csv_to_postgres_dag.py
[2026-04-19T07:44:11.168+0000] {processor.py:829} INFO - Processing file /opt/airflow/dags/csv_to_postgres_dag.py for tasks to queue
[2026-04-19T07:44:11.172+0000] {logging_mixin.py:151} INFO - [2026-04-19T07:44:11.171+0000] {dagbag.py:539} INFO - Filling up the DagBag from /opt/airflow/dags/csv_to_postgres_dag.py
[2026-04-19T07:44:12.389+0000] {processor.py:839} INFO - DAG(s) dict_keys(['csv_to_postgres']) retrieved from /opt/airflow/dags/csv_to_postgres_dag.py
[2026-04-19T07:44:12.443+0000] {logging_mixin.py:151} INFO - [2026-04-19T07:44:12.442+0000] {dag.py:2915} INFO - Sync 1 DAGs
[2026-04-19T07:44:12.493+0000] {logging_mixin.py:151} INFO - [2026-04-19T07:44:12.492+0000] {dag.py:3696} INFO - Setting next_dagrun for csv_to_postgres to None, run_after=None
[2026-04-19T07:44:12.550+0000] {processor.py:179} INFO - Processing /opt/airflow/dags/csv_to_postgres_dag.py took 1.399 seconds
[2026-04-19T07:45:43.385+0000] {processor.py:157} INFO - Started process (PID=172) to work on /opt/airflow/dags/csv_to_postgres_dag.py
[2026-04-19T07:45:43.387+0000] {processor.py:829} INFO - Processing file /opt/airflow/dags/csv_to_postgres_dag.py for tasks to queue
[2026-04-19T07:45:43.389+0000] {logging_mixin.py:151} INFO - [2026-04-19T07:45:43.388+0000] {dagbag.py:539} INFO - Filling up the DagBag from /opt/airflow/dags/csv_to_postgres_dag.py
[2026-04-19T07:45:45.802+0000] {processor.py:839} INFO - DAG(s) dict_keys(['csv_to_postgres']) retrieved from /opt/airflow/dags/csv_to_postgres_dag.py
[2026-04-19T07:45:45.845+0000] {logging_mixin.py:151} INFO - [2026-04-19T07:45:45.844+0000] {dag.py:2915} INFO - Sync 1 DAGs
[2026-04-19T07:45:45.881+0000] {logging_mixin.py:151} INFO - [2026-04-19T07:45:45.881+0000] {dag.py:3696} INFO - Setting next_dagrun for csv_to_postgres to None, run_after=None
[2026-04-19T07:45:45.914+0000] {processor.py:179} INFO - Processing /opt/airflow/dags/csv_to_postgres_dag.py took 2.531 seconds
[2026-04-19T07:46:57.404+0000] {processor.py:157} INFO - Started process (PID=171) to work on /opt/airflow/dags/csv_to_postgres_dag.py
[2026-04-19T07:46:57.406+0000] {processor.py:829} INFO - Processing file /opt/airflow/dags/csv_to_postgres_dag.py for tasks to queue
[2026-04-19T07:46:57.408+0000] {logging_mixin.py:151} INFO - [2026-04-19T07:46:57.407+0000] {dagbag.py:539} INFO - Filling up the DagBag from /opt/airflow/dags/csv_to_postgres_dag.py
[2026-04-19T07:46:59.098+0000] {processor.py:839} INFO - DAG(s) dict_keys(['csv_to_postgres']) retrieved from /opt/airflow/dags/csv_to_postgres_dag.py
[2026-04-19T07:46:59.147+0000] {logging_mixin.py:151} INFO - [2026-04-19T07:46:59.146+0000] {dag.py:2915} INFO - Sync 1 DAGs
[2026-04-19T07:46:59.183+0000] {logging_mixin.py:151} INFO - [2026-04-19T07:46:59.183+0000] {dag.py:3696} INFO - Setting next_dagrun for csv_to_postgres to None, run_after=None
[2026-04-19T07:46:59.215+0000] {processor.py:179} INFO - Processing /opt/airflow/dags/csv_to_postgres_dag.py took 1.815 seconds
[2026-04-19T07:47:29.556+0000] {processor.py:157} INFO - Started process (PID=177) to work on /opt/airflow/dags/csv_to_postgres_dag.py
[2026-04-19T07:47:29.561+0000] {processor.py:829} INFO - Processing file /opt/airflow/dags/csv_to_postgres_dag.py for tasks to queue
[2026-04-19T07:47:29.570+0000] {logging_mixin.py:151} INFO - [2026-04-19T07:47:29.566+0000] {dagbag.py:539} INFO - Filling up the DagBag from /opt/airflow/dags/csv_to_postgres_dag.py
[2026-04-19T07:47:30.759+0000] {processor.py:839} INFO - DAG(s) dict_keys(['csv_to_postgres']) retrieved from /opt/airflow/dags/csv_to_postgres_dag.py
[2026-04-19T07:47:30.901+0000] {logging_mixin.py:151} INFO - [2026-04-19T07:47:30.900+0000] {dag.py:2915} INFO - Sync 1 DAGs
[2026-04-19T07:47:30.973+0000] {logging_mixin.py:151} INFO - [2026-04-19T07:47:30.973+0000] {dag.py:3696} INFO - Setting next_dagrun for csv_to_postgres to None, run_after=None
[2026-04-19T07:47:31.032+0000] {processor.py:179} INFO - Processing /opt/airflow/dags/csv_to_postgres_dag.py took 1.512 seconds
[2026-04-19T07:48:01.436+0000] {processor.py:157} INFO - Started process (PID=186) to work on /opt/airflow/dags/csv_to_postgres_dag.py
[2026-04-19T07:48:01.443+0000] {processor.py:829} INFO - Processing file /opt/airflow/dags/csv_to_postgres_dag.py for tasks to queue
[2026-04-19T07:48:01.458+0000] {logging_mixin.py:151} INFO - [2026-04-19T07:48:01.452+0000] {dagbag.py:539} INFO - Filling up the DagBag from /opt/airflow/dags/csv_to_postgres_dag.py
[2026-04-19T07:48:03.974+0000] {processor.py:839} INFO - DAG(s) dict_keys(['csv_to_postgres']) retrieved from /opt/airflow/dags/csv_to_postgres_dag.py
[2026-04-19T07:48:04.035+0000] {logging_mixin.py:151} INFO - [2026-04-19T07:48:04.035+0000] {dag.py:2915} INFO - Sync 1 DAGs
[2026-04-19T07:48:04.069+0000] {logging_mixin.py:151} INFO - [2026-04-19T07:48:04.069+0000] {dag.py:3696} INFO - Setting next_dagrun for csv_to_postgres to None, run_after=None
[2026-04-19T07:48:04.126+0000] {processor.py:179} INFO - Processing /opt/airflow/dags/csv_to_postgres_dag.py took 2.746 seconds
[2026-04-19T07:48:34.263+0000] {processor.py:157} INFO - Started process (PID=192) to work on /opt/airflow/dags/csv_to_postgres_dag.py
[2026-04-19T07:48:34.265+0000] {processor.py:829} INFO - Processing file /opt/airflow/dags/csv_to_postgres_dag.py for tasks to queue
[2026-04-19T07:48:34.271+0000] {logging_mixin.py:151} INFO - [2026-04-19T07:48:34.266+0000] {dagbag.py:539} INFO - Filling up the DagBag from /opt/airflow/dags/csv_to_postgres_dag.py
[2026-04-19T07:48:34.950+0000] {processor.py:839} INFO - DAG(s) dict_keys(['csv_to_postgres']) retrieved from /opt/airflow/dags/csv_to_postgres_dag.py
[2026-04-19T07:48:35.009+0000] {logging_mixin.py:151} INFO - [2026-04-19T07:48:35.008+0000] {dag.py:2915} INFO - Sync 1 DAGs
[2026-04-19T07:48:35.051+0000] {logging_mixin.py:151} INFO - [2026-04-19T07:48:35.050+0000] {dag.py:3696} INFO - Setting next_dagrun for csv_to_postgres to None, run_after=None
[2026-04-19T07:48:35.114+0000] {processor.py:179} INFO - Processing /opt/airflow/dags/csv_to_postgres_dag.py took 0.856 seconds
[2026-04-19T07:51:31.297+0000] {processor.py:157} INFO - Started process (PID=172) to work on /opt/airflow/dags/csv_to_postgres_dag.py
[2026-04-19T07:51:31.299+0000] {processor.py:829} INFO - Processing file /opt/airflow/dags/csv_to_postgres_dag.py for tasks to queue
[2026-04-19T07:51:31.301+0000] {logging_mixin.py:151} INFO - [2026-04-19T07:51:31.300+0000] {dagbag.py:539} INFO - Filling up the DagBag from /opt/airflow/dags/csv_to_postgres_dag.py
[2026-04-19T07:51:33.133+0000] {processor.py:839} INFO - DAG(s) dict_keys(['csv_to_postgres']) retrieved from /opt/airflow/dags/csv_to_postgres_dag.py
[2026-04-19T07:51:33.194+0000] {logging_mixin.py:151} INFO - [2026-04-19T07:51:33.193+0000] {dag.py:2915} INFO - Sync 1 DAGs
[2026-04-19T07:51:33.227+0000] {logging_mixin.py:151} INFO - [2026-04-19T07:51:33.227+0000] {dag.py:3696} INFO - Setting next_dagrun for csv_to_postgres to 2024-01-01T00:00:00+00:00, run_after=2024-01-01T00:00:00+00:00
[2026-04-19T07:51:33.260+0000] {processor.py:179} INFO - Processing /opt/airflow/dags/csv_to_postgres_dag.py took 1.965 seconds
[2026-04-19T07:52:03.857+0000] {processor.py:157} INFO - Started process (PID=216) to work on /opt/airflow/dags/csv_to_postgres_dag.py
[2026-04-19T07:52:03.863+0000] {processor.py:829} INFO - Processing file /opt/airflow/dags/csv_to_postgres_dag.py for tasks to queue
[2026-04-19T07:52:03.879+0000] {logging_mixin.py:151} INFO - [2026-04-19T07:52:03.870+0000] {dagbag.py:539} INFO - Filling up the DagBag from /opt/airflow/dags/csv_to_postgres_dag.py
[2026-04-19T07:52:06.556+0000] {processor.py:839} INFO - DAG(s) dict_keys(['csv_to_postgres']) retrieved from /opt/airflow/dags/csv_to_postgres_dag.py
[2026-04-19T07:52:06.641+0000] {logging_mixin.py:151} INFO - [2026-04-19T07:52:06.641+0000] {dag.py:2915} INFO - Sync 1 DAGs
[2026-04-19T07:52:06.693+0000] {logging_mixin.py:151} INFO - [2026-04-19T07:52:06.693+0000] {dag.py:3696} INFO - Setting next_dagrun for csv_to_postgres to 2024-01-01T00:00:00+00:00, run_after=2024-01-01T00:00:00+00:00
[2026-04-19T07:52:06.736+0000] {processor.py:179} INFO - Processing /opt/airflow/dags/csv_to_postgres_dag.py took 2.942 seconds
[2026-04-19T07:52:37.451+0000] {processor.py:157} INFO - Started process (PID=179) to work on /opt/airflow/dags/csv_to_postgres_dag.py
[2026-04-19T07:52:37.454+0000] {processor.py:829} INFO - Processing file /opt/airflow/dags/csv_to_postgres_dag.py for tasks to queue
[2026-04-19T07:52:37.455+0000] {logging_mixin.py:151} INFO - [2026-04-19T07:52:37.455+0000] {dagbag.py:539} INFO - Filling up the DagBag from /opt/airflow/dags/csv_to_postgres_dag.py
[2026-04-19T07:52:39.477+0000] {processor.py:839} INFO - DAG(s) dict_keys(['csv_to_postgres']) retrieved from /opt/airflow/dags/csv_to_postgres_dag.py
[2026-04-19T07:52:39.594+0000] {logging_mixin.py:151} INFO - [2026-04-19T07:52:39.594+0000] {dag.py:2915} INFO - Sync 1 DAGs
[2026-04-19T07:52:39.628+0000] {logging_mixin.py:151} INFO - [2026-04-19T07:52:39.628+0000] {dag.py:3696} INFO - Setting next_dagrun for csv_to_postgres to 2024-01-01T00:00:00+00:00, run_after=2024-01-01T00:00:00+00:00
[2026-04-19T07:52:39.661+0000] {processor.py:179} INFO - Processing /opt/airflow/dags/csv_to_postgres_dag.py took 2.213 seconds
[2026-04-19T07:53:09.965+0000] {processor.py:157} INFO - Started process (PID=197) to work on /opt/airflow/dags/csv_to_postgres_dag.py
[2026-04-19T07:53:09.971+0000] {processor.py:829} INFO - Processing file /opt/airflow/dags/csv_to_postgres_dag.py for tasks to queue
[2026-04-19T07:53:09.986+0000] {logging_mixin.py:151} INFO - [2026-04-19T07:53:09.979+0000] {dagbag.py:539} INFO - Filling up the DagBag from /opt/airflow/dags/csv_to_postgres_dag.py
[2026-04-19T07:53:11.569+0000] {processor.py:839} INFO - DAG(s) dict_keys(['csv_to_postgres']) retrieved from /opt/airflow/dags/csv_to_postgres_dag.py
[2026-04-19T07:53:11.628+0000] {logging_mixin.py:151} INFO - [2026-04-19T07:53:11.628+0000] {dag.py:2915} INFO - Sync 1 DAGs
[2026-04-19T07:53:11.669+0000] {logging_mixin.py:151} INFO - [2026-04-19T07:53:11.669+0000] {dag.py:3696} INFO - Setting next_dagrun for csv_to_postgres to 2024-01-01T00:00:00+00:00, run_after=2024-01-01T00:00:00+00:00
[2026-04-19T07:53:11.702+0000] {processor.py:179} INFO - Processing /opt/airflow/dags/csv_to_postgres_dag.py took 1.782 seconds
[2026-04-19T07:53:42.128+0000] {processor.py:157} INFO - Started process (PID=222) to work on /opt/airflow/dags/csv_to_postgres_dag.py
[2026-04-19T07:53:42.134+0000] {processor.py:829} INFO - Processing file /opt/airflow/dags/csv_to_postgres_dag.py for tasks to queue
[2026-04-19T07:53:42.146+0000] {logging_mixin.py:151} INFO - [2026-04-19T07:53:42.139+0000] {dagbag.py:539} INFO - Filling up the DagBag from /opt/airflow/dags/csv_to_postgres_dag.py
[2026-04-19T07:53:43.826+0000] {processor.py:839} INFO - DAG(s) dict_keys(['csv_to_postgres']) retrieved from /opt/airflow/dags/csv_to_postgres_dag.py
[2026-04-19T07:53:43.897+0000] {logging_mixin.py:151} INFO - [2026-04-19T07:53:43.896+0000] {dag.py:2915} INFO - Sync 1 DAGs
[2026-04-19T07:53:43.956+0000] {logging_mixin.py:151} INFO - [2026-04-19T07:53:43.956+0000] {dag.py:3696} INFO - Setting next_dagrun for csv_to_postgres to 2024-01-01T00:00:00+00:00, run_after=2024-01-01T00:00:00+00:00
[2026-04-19T07:53:44.038+0000] {processor.py:179} INFO - Processing /opt/airflow/dags/csv_to_postgres_dag.py took 1.949 seconds
[2026-04-19T07:54:14.342+0000] {processor.py:157} INFO - Started process (PID=228) to work on /opt/airflow/dags/csv_to_postgres_dag.py
[2026-04-19T07:54:14.345+0000] {processor.py:829} INFO - Processing file /opt/airflow/dags/csv_to_postgres_dag.py for tasks to queue
[2026-04-19T07:54:14.350+0000] {logging_mixin.py:151} INFO - [2026-04-19T07:54:14.349+0000] {dagbag.py:539} INFO - Filling up the DagBag from /opt/airflow/dags/csv_to_postgres_dag.py
[2026-04-19T07:54:15.625+0000] {processor.py:839} INFO - DAG(s) dict_keys(['csv_to_postgres']) retrieved from /opt/airflow/dags/csv_to_postgres_dag.py
[2026-04-19T07:54:15.681+0000] {logging_mixin.py:151} INFO - [2026-04-19T07:54:15.680+0000] {dag.py:2915} INFO - Sync 1 DAGs
[2026-04-19T07:54:15.725+0000] {logging_mixin.py:151} INFO - [2026-04-19T07:54:15.724+0000] {dag.py:3696} INFO - Setting next_dagrun for csv_to_postgres to 2024-01-01T00:00:00+00:00, run_after=2024-01-01T00:00:00+00:00
[2026-04-19T07:54:15.760+0000] {processor.py:179} INFO - Processing /opt/airflow/dags/csv_to_postgres_dag.py took 1.432 seconds
[2026-04-19T07:54:46.074+0000] {processor.py:157} INFO - Started process (PID=234) to work on /opt/airflow/dags/csv_to_postgres_dag.py
[2026-04-19T07:54:46.077+0000] {processor.py:829} INFO - Processing file /opt/airflow/dags/csv_to_postgres_dag.py for tasks to queue
[2026-04-19T07:54:46.079+0000] {logging_mixin.py:151} INFO - [2026-04-19T07:54:46.078+0000] {dagbag.py:539} INFO - Filling up the DagBag from /opt/airflow/dags/csv_to_postgres_dag.py
[2026-04-19T07:54:47.175+0000] {processor.py:839} INFO - DAG(s) dict_keys(['csv_to_postgres']) retrieved from /opt/airflow/dags/csv_to_postgres_dag.py
[2026-04-19T07:54:47.334+0000] {logging_mixin.py:151} INFO - [2026-04-19T07:54:47.333+0000] {dag.py:2915} INFO - Sync 1 DAGs
[2026-04-19T07:54:47.414+0000] {logging_mixin.py:151} INFO - [2026-04-19T07:54:47.414+0000] {dag.py:3696} INFO - Setting next_dagrun for csv_to_postgres to 2024-01-01T00:00:00+00:00, run_after=2024-01-01T00:00:00+00:00
[2026-04-19T07:54:47.519+0000] {processor.py:179} INFO - Processing /opt/airflow/dags/csv_to_postgres_dag.py took 1.453 seconds
[2026-04-19T07:55:17.614+0000] {processor.py:157} INFO - Started process (PID=240) to work on /opt/airflow/dags/csv_to_postgres_dag.py
[2026-04-19T07:55:17.616+0000] {processor.py:829} INFO - Processing file /opt/airflow/dags/csv_to_postgres_dag.py for tasks to queue
[2026-04-19T07:55:17.620+0000] {logging_mixin.py:151} INFO - [2026-04-19T07:55:17.619+0000] {dagbag.py:539} INFO - Filling up the DagBag from /opt/airflow/dags/csv_to_postgres_dag.py
[2026-04-19T07:55:18.078+0000] {processor.py:839} INFO - DAG(s) dict_keys(['csv_to_postgres']) retrieved from /opt/airflow/dags/csv_to_postgres_dag.py
[2026-04-19T07:55:18.156+0000] {logging_mixin.py:151} INFO - [2026-04-19T07:55:18.155+0000] {dag.py:2915} INFO - Sync 1 DAGs
[2026-04-19T07:55:18.201+0000] {logging_mixin.py:151} INFO - [2026-04-19T07:55:18.201+0000] {dag.py:3696} INFO - Setting next_dagrun for csv_to_postgres to 2024-01-01T00:00:00+00:00, run_after=2024-01-01T00:00:00+00:00
[2026-04-19T07:55:18.249+0000] {processor.py:179} INFO - Processing /opt/airflow/dags/csv_to_postgres_dag.py took 0.642 seconds
[2026-04-19T07:55:48.552+0000] {processor.py:157} INFO - Started process (PID=246) to work on /opt/airflow/dags/csv_to_postgres_dag.py
[2026-04-19T07:55:48.554+0000] {processor.py:829} INFO - Processing file /opt/airflow/dags/csv_to_postgres_dag.py for tasks to queue
[2026-04-19T07:55:48.557+0000] {logging_mixin.py:151} INFO - [2026-04-19T07:55:48.556+0000] {dagbag.py:539} INFO - Filling up the DagBag from /opt/airflow/dags/csv_to_postgres_dag.py
[2026-04-19T07:55:49.189+0000] {processor.py:839} INFO - DAG(s) dict_keys(['csv_to_postgres']) retrieved from /opt/airflow/dags/csv_to_postgres_dag.py
[2026-04-19T07:55:49.260+0000] {logging_mixin.py:151} INFO - [2026-04-19T07:55:49.259+0000] {dag.py:2915} INFO - Sync 1 DAGs
[2026-04-19T07:55:49.316+0000] {logging_mixin.py:151} INFO - [2026-04-19T07:55:49.315+0000] {dag.py:3696} INFO - Setting next_dagrun for csv_to_postgres to 2024-01-01T00:00:00+00:00, run_after=2024-01-01T00:00:00+00:00
[2026-04-19T07:55:49.370+0000] {processor.py:179} INFO - Processing /opt/airflow/dags/csv_to_postgres_dag.py took 0.826 seconds
[2026-04-19T07:56:19.683+0000] {processor.py:157} INFO - Started process (PID=252) to work on /opt/airflow/dags/csv_to_postgres_dag.py
[2026-04-19T07:56:19.685+0000] {processor.py:829} INFO - Processing file /opt/airflow/dags/csv_to_postgres_dag.py for tasks to queue
[2026-04-19T07:56:19.690+0000] {logging_mixin.py:151} INFO - [2026-04-19T07:56:19.688+0000] {dagbag.py:539} INFO - Filling up the DagBag from /opt/airflow/dags/csv_to_postgres_dag.py
[2026-04-19T07:56:20.267+0000] {processor.py:839} INFO - DAG(s) dict_keys(['csv_to_postgres']) retrieved from /opt/airflow/dags/csv_to_postgres_dag.py
[2026-04-19T07:56:20.333+0000] {logging_mixin.py:151} INFO - [2026-04-19T07:56:20.332+0000] {dag.py:2915} INFO - Sync 1 DAGs
[2026-04-19T07:56:20.375+0000] {logging_mixin.py:151} INFO - [2026-04-19T07:56:20.375+0000] {dag.py:3696} INFO - Setting next_dagrun for csv_to_postgres to 2024-01-01T00:00:00+00:00, run_after=2024-01-01T00:00:00+00:00
[2026-04-19T07:56:20.417+0000] {processor.py:179} INFO - Processing /opt/airflow/dags/csv_to_postgres_dag.py took 0.744 seconds
[2026-04-19T07:56:50.643+0000] {processor.py:157} INFO - Started process (PID=264) to work on /opt/airflow/dags/csv_to_postgres_dag.py
[2026-04-19T07:56:50.646+0000] {processor.py:829} INFO - Processing file /opt/airflow/dags/csv_to_postgres_dag.py for tasks to queue
[2026-04-19T07:56:50.647+0000] {logging_mixin.py:151} INFO - [2026-04-19T07:56:50.647+0000] {dagbag.py:539} INFO - Filling up the DagBag from /opt/airflow/dags/csv_to_postgres_dag.py
[2026-04-19T07:56:51.299+0000] {processor.py:839} INFO - DAG(s) dict_keys(['csv_to_postgres']) retrieved from /opt/airflow/dags/csv_to_postgres_dag.py
[2026-04-19T07:56:51.399+0000] {logging_mixin.py:151} INFO - [2026-04-19T07:56:51.398+0000] {dag.py:2915} INFO - Sync 1 DAGs
[2026-04-19T07:56:51.462+0000] {logging_mixin.py:151} INFO - [2026-04-19T07:56:51.461+0000] {dag.py:3696} INFO - Setting next_dagrun for csv_to_postgres to 2024-01-01T00:00:00+00:00, run_after=2024-01-01T00:00:00+00:00
[2026-04-19T07:56:51.500+0000] {processor.py:179} INFO - Processing /opt/airflow/dags/csv_to_postgres_dag.py took 0.866 seconds
[2026-04-19T07:57:21.755+0000] {processor.py:157} INFO - Started process (PID=270) to work on /opt/airflow/dags/csv_to_postgres_dag.py
[2026-04-19T07:57:21.756+0000] {processor.py:829} INFO - Processing file /opt/airflow/dags/csv_to_postgres_dag.py for tasks to queue
[2026-04-19T07:57:21.761+0000] {logging_mixin.py:151} INFO - [2026-04-19T07:57:21.758+0000] {dagbag.py:539} INFO - Filling up the DagBag from /opt/airflow/dags/csv_to_postgres_dag.py
[2026-04-19T07:57:22.289+0000] {processor.py:839} INFO - DAG(s) dict_keys(['csv_to_postgres']) retrieved from /opt/airflow/dags/csv_to_postgres_dag.py
[2026-04-19T07:57:22.352+0000] {logging_mixin.py:151} INFO - [2026-04-19T07:57:22.351+0000] {dag.py:2915} INFO - Sync 1 DAGs
[2026-04-19T07:57:22.406+0000] {logging_mixin.py:151} INFO - [2026-04-19T07:57:22.405+0000] {dag.py:3696} INFO - Setting next_dagrun for csv_to_postgres to 2024-01-01T00:00:00+00:00, run_after=2024-01-01T00:00:00+00:00
[2026-04-19T07:57:22.462+0000] {processor.py:179} INFO - Processing /opt/airflow/dags/csv_to_postgres_dag.py took 0.714 seconds
[2026-04-19T07:57:52.839+0000] {processor.py:157} INFO - Started process (PID=276) to work on /opt/airflow/dags/csv_to_postgres_dag.py
[2026-04-19T07:57:52.842+0000] {processor.py:829} INFO - Processing file /opt/airflow/dags/csv_to_postgres_dag.py for tasks to queue
[2026-04-19T07:57:52.848+0000] {logging_mixin.py:151} INFO - [2026-04-19T07:57:52.847+0000] {dagbag.py:539} INFO - Filling up the DagBag from /opt/airflow/dags/csv_to_postgres_dag.py
[2026-04-19T07:57:53.346+0000] {processor.py:839} INFO - DAG(s) dict_keys(['csv_to_postgres']) retrieved from /opt/airflow/dags/csv_to_postgres_dag.py
[2026-04-19T07:57:53.410+0000] {logging_mixin.py:151} INFO - [2026-04-19T07:57:53.409+0000] {dag.py:2915} INFO - Sync 1 DAGs
[2026-04-19T07:57:53.462+0000] {logging_mixin.py:151} INFO - [2026-04-19T07:57:53.462+0000] {dag.py:3696} INFO - Setting next_dagrun for csv_to_postgres to 2024-01-01T00:00:00+00:00, run_after=2024-01-01T00:00:00+00:00
[2026-04-19T07:57:53.506+0000] {processor.py:179} INFO - Processing /opt/airflow/dags/csv_to_postgres_dag.py took 0.674 seconds
[2026-04-19T07:58:23.818+0000] {processor.py:157} INFO - Started process (PID=282) to work on /opt/airflow/dags/csv_to_postgres_dag.py
[2026-04-19T07:58:23.821+0000] {processor.py:829} INFO - Processing file /opt/airflow/dags/csv_to_postgres_dag.py for tasks to queue
[2026-04-19T07:58:23.823+0000] {logging_mixin.py:151} INFO - [2026-04-19T07:58:23.822+0000] {dagbag.py:539} INFO - Filling up the DagBag from /opt/airflow/dags/csv_to_postgres_dag.py
[2026-04-19T07:58:24.283+0000] {processor.py:839} INFO - DAG(s) dict_keys(['csv_to_postgres']) retrieved from /opt/airflow/dags/csv_to_postgres_dag.py
[2026-04-19T07:58:24.357+0000] {logging_mixin.py:151} INFO - [2026-04-19T07:58:24.356+0000] {dag.py:2915} INFO - Sync 1 DAGs
[2026-04-19T07:58:24.409+0000] {logging_mixin.py:151} INFO - [2026-04-19T07:58:24.408+0000] {dag.py:3696} INFO - Setting next_dagrun for csv_to_postgres to 2024-01-01T00:00:00+00:00, run_after=2024-01-01T00:00:00+00:00
[2026-04-19T07:58:24.451+0000] {processor.py:179} INFO - Processing /opt/airflow/dags/csv_to_postgres_dag.py took 0.640 seconds
[2026-04-19T07:58:54.602+0000] {processor.py:157} INFO - Started process (PID=288) to work on /opt/airflow/dags/csv_to_postgres_dag.py
[2026-04-19T07:58:54.605+0000] {processor.py:829} INFO - Processing file /opt/airflow/dags/csv_to_postgres_dag.py for tasks to queue
[2026-04-19T07:58:54.608+0000] {logging_mixin.py:151} INFO - [2026-04-19T07:58:54.607+0000] {dagbag.py:539} INFO - Filling up the DagBag from /opt/airflow/dags/csv_to_postgres_dag.py
[2026-04-19T07:58:55.068+0000] {processor.py:839} INFO - DAG(s) dict_keys(['csv_to_postgres']) retrieved from /opt/airflow/dags/csv_to_postgres_dag.py
[2026-04-19T07:58:55.130+0000] {logging_mixin.py:151} INFO - [2026-04-19T07:58:55.130+0000] {dag.py:2915} INFO - Sync 1 DAGs
[2026-04-19T07:58:55.170+0000] {logging_mixin.py:151} INFO - [2026-04-19T07:58:55.169+0000] {dag.py:3696} INFO - Setting next_dagrun for csv_to_postgres to 2024-01-01T00:00:00+00:00, run_after=2024-01-01T00:00:00+00:00
[2026-04-19T07:58:55.208+0000] {processor.py:179} INFO - Processing /opt/airflow/dags/csv_to_postgres_dag.py took 0.613 seconds
[2026-04-19T07:59:25.513+0000] {processor.py:157} INFO - Started process (PID=294) to work on /opt/airflow/dags/csv_to_postgres_dag.py
[2026-04-19T07:59:25.520+0000] {processor.py:829} INFO - Processing file /opt/airflow/dags/csv_to_postgres_dag.py for tasks to queue
[2026-04-19T07:59:25.523+0000] {logging_mixin.py:151} INFO - [2026-04-19T07:59:25.522+0000] {dagbag.py:539} INFO - Filling up the DagBag from /opt/airflow/dags/csv_to_postgres_dag.py
[2026-04-19T07:59:25.976+0000] {processor.py:839} INFO - DAG(s) dict_keys(['csv_to_postgres']) retrieved from /opt/airflow/dags/csv_to_postgres_dag.py
[2026-04-19T07:59:26.030+0000] {logging_mixin.py:151} INFO - [2026-04-19T07:59:26.029+0000] {dag.py:2915} INFO - Sync 1 DAGs
[2026-04-19T07:59:26.077+0000] {logging_mixin.py:151} INFO - [2026-04-19T07:59:26.077+0000] {dag.py:3696} INFO - Setting next_dagrun for csv_to_postgres to 2024-01-01T00:00:00+00:00, run_after=2024-01-01T00:00:00+00:00
[2026-04-19T07:59:26.122+0000] {processor.py:179} INFO - Processing /opt/airflow/dags/csv_to_postgres_dag.py took 0.616 seconds
[2026-04-19T07:59:56.256+0000] {processor.py:157} INFO - Started process (PID=300) to work on /opt/airflow/dags/csv_to_postgres_dag.py
[2026-04-19T07:59:56.259+0000] {processor.py:829} INFO - Processing file /opt/airflow/dags/csv_to_postgres_dag.py for tasks to queue
[2026-04-19T07:59:56.262+0000] {logging_mixin.py:151} INFO - [2026-04-19T07:59:56.261+0000] {dagbag.py:539} INFO - Filling up the DagBag from /opt/airflow/dags/csv_to_postgres_dag.py
[2026-04-19T07:59:56.705+0000] {processor.py:839} INFO - DAG(s) dict_keys(['csv_to_postgres']) retrieved from /opt/airflow/dags/csv_to_postgres_dag.py
[2026-04-19T07:59:56.775+0000] {logging_mixin.py:151} INFO - [2026-04-19T07:59:56.774+0000] {dag.py:2915} INFO - Sync 1 DAGs
[2026-04-19T07:59:56.819+0000] {logging_mixin.py:151} INFO - [2026-04-19T07:59:56.819+0000] {dag.py:3696} INFO - Setting next_dagrun for csv_to_postgres to 2024-01-01T00:00:00+00:00, run_after=2024-01-01T00:00:00+00:00
[2026-04-19T07:59:56.863+0000] {processor.py:179} INFO - Processing /opt/airflow/dags/csv_to_postgres_dag.py took 0.616 seconds
[2026-04-19T08:00:27.153+0000] {processor.py:157} INFO - Started process (PID=306) to work on /opt/airflow/dags/csv_to_postgres_dag.py
[2026-04-19T08:00:27.155+0000] {processor.py:829} INFO - Processing file /opt/airflow/dags/csv_to_postgres_dag.py for tasks to queue
[2026-04-19T08:00:27.157+0000] {logging_mixin.py:151} INFO - [2026-04-19T08:00:27.157+0000] {dagbag.py:539} INFO - Filling up the DagBag from /opt/airflow/dags/csv_to_postgres_dag.py
[2026-04-19T08:00:27.607+0000] {processor.py:839} INFO - DAG(s) dict_keys(['csv_to_postgres']) retrieved from /opt/airflow/dags/csv_to_postgres_dag.py
[2026-04-19T08:00:27.667+0000] {logging_mixin.py:151} INFO - [2026-04-19T08:00:27.666+0000] {dag.py:2915} INFO - Sync 1 DAGs
[2026-04-19T08:00:27.711+0000] {logging_mixin.py:151} INFO - [2026-04-19T08:00:27.711+0000] {dag.py:3696} INFO - Setting next_dagrun for csv_to_postgres to 2024-01-01T00:00:00+00:00, run_after=2024-01-01T00:00:00+00:00
[2026-04-19T08:00:27.757+0000] {processor.py:179} INFO - Processing /opt/airflow/dags/csv_to_postgres_dag.py took 0.611 seconds
[2026-04-19T08:00:57.912+0000] {processor.py:157} INFO - Started process (PID=312) to work on /opt/airflow/dags/csv_to_postgres_dag.py
[2026-04-19T08:00:57.914+0000] {processor.py:829} INFO - Processing file /opt/airflow/dags/csv_to_postgres_dag.py for tasks to queue
[2026-04-19T08:00:57.916+0000] {logging_mixin.py:151} INFO - [2026-04-19T08:00:57.915+0000] {dagbag.py:539} INFO - Filling up the DagBag from /opt/airflow/dags/csv_to_postgres_dag.py
[2026-04-19T08:00:58.416+0000] {processor.py:839} INFO - DAG(s) dict_keys(['csv_to_postgres']) retrieved from /opt/airflow/dags/csv_to_postgres_dag.py
[2026-04-19T08:00:58.477+0000] {logging_mixin.py:151} INFO - [2026-04-19T08:00:58.477+0000] {dag.py:2915} INFO - Sync 1 DAGs
[2026-04-19T08:00:58.525+0000] {logging_mixin.py:151} INFO - [2026-04-19T08:00:58.525+0000] {dag.py:3696} INFO - Setting next_dagrun for csv_to_postgres to 2024-01-01T00:00:00+00:00, run_after=2024-01-01T00:00:00+00:00
[2026-04-19T08:00:58.569+0000] {processor.py:179} INFO - Processing /opt/airflow/dags/csv_to_postgres_dag.py took 0.664 seconds
[2026-04-19T08:01:28.858+0000] {processor.py:157} INFO - Started process (PID=318) to work on /opt/airflow/dags/csv_to_postgres_dag.py
[2026-04-19T08:01:28.860+0000] {processor.py:829} INFO - Processing file /opt/airflow/dags/csv_to_postgres_dag.py for tasks to queue
[2026-04-19T08:01:28.862+0000] {logging_mixin.py:151} INFO - [2026-04-19T08:01:28.861+0000] {dagbag.py:539} INFO - Filling up the DagBag from /opt/airflow/dags/csv_to_postgres_dag.py
[2026-04-19T08:01:29.306+0000] {processor.py:839} INFO - DAG(s) dict_keys(['csv_to_postgres']) retrieved from /opt/airflow/dags/csv_to_postgres_dag.py
[2026-04-19T08:01:29.363+0000] {logging_mixin.py:151} INFO - [2026-04-19T08:01:29.362+0000] {dag.py:2915} INFO - Sync 1 DAGs
[2026-04-19T08:01:29.409+0000] {logging_mixin.py:151} INFO - [2026-04-19T08:01:29.409+0000] {dag.py:3696} INFO - Setting next_dagrun for csv_to_postgres to 2024-01-01T00:00:00+00:00, run_after=2024-01-01T00:00:00+00:00
[2026-04-19T08:01:29.446+0000] {processor.py:179} INFO - Processing /opt/airflow/dags/csv_to_postgres_dag.py took 0.596 seconds
[2026-04-19T08:01:59.539+0000] {processor.py:157} INFO - Started process (PID=324) to work on /opt/airflow/dags/csv_to_postgres_dag.py
[2026-04-19T08:01:59.542+0000] {processor.py:829} INFO - Processing file /opt/airflow/dags/csv_to_postgres_dag.py for tasks to queue
[2026-04-19T08:01:59.546+0000] {logging_mixin.py:151} INFO - [2026-04-19T08:01:59.544+0000] {dagbag.py:539} INFO - Filling up the DagBag from /opt/airflow/dags/csv_to_postgres_dag.py
[2026-04-19T08:02:00.008+0000] {processor.py:839} INFO - DAG(s) dict_keys(['csv_to_postgres']) retrieved from /opt/airflow/dags/csv_to_postgres_dag.py
[2026-04-19T08:02:00.066+0000] {logging_mixin.py:151} INFO - [2026-04-19T08:02:00.065+0000] {dag.py:2915} INFO - Sync 1 DAGs
[2026-04-19T08:02:00.112+0000] {logging_mixin.py:151} INFO - [2026-04-19T08:02:00.111+0000] {dag.py:3696} INFO - Setting next_dagrun for csv_to_postgres to 2024-01-01T00:00:00+00:00, run_after=2024-01-01T00:00:00+00:00
[2026-04-19T08:02:00.152+0000] {processor.py:179} INFO - Processing /opt/airflow/dags/csv_to_postgres_dag.py took 0.620 seconds
[2026-04-19T08:02:30.435+0000] {processor.py:157} INFO - Started process (PID=330) to work on /opt/airflow/dags/csv_to_postgres_dag.py
[2026-04-19T08:02:30.437+0000] {processor.py:829} INFO - Processing file /opt/airflow/dags/csv_to_postgres_dag.py for tasks to queue
[2026-04-19T08:02:30.439+0000] {logging_mixin.py:151} INFO - [2026-04-19T08:02:30.438+0000] {dagbag.py:539} INFO - Filling up the DagBag from /opt/airflow/dags/csv_to_postgres_dag.py
[2026-04-19T08:02:30.882+0000] {processor.py:839} INFO - DAG(s) dict_keys(['csv_to_postgres']) retrieved from /opt/airflow/dags/csv_to_postgres_dag.py
[2026-04-19T08:02:30.940+0000] {logging_mixin.py:151} INFO - [2026-04-19T08:02:30.940+0000] {dag.py:2915} INFO - Sync 1 DAGs
[2026-04-19T08:02:30.989+0000] {logging_mixin.py:151} INFO - [2026-04-19T08:02:30.989+0000] {dag.py:3696} INFO - Setting next_dagrun for csv_to_postgres to 2024-01-01T00:00:00+00:00, run_after=2024-01-01T00:00:00+00:00
[2026-04-19T08:02:31.030+0000] {processor.py:179} INFO - Processing /opt/airflow/dags/csv_to_postgres_dag.py took 0.602 seconds
[2026-04-19T08:03:01.270+0000] {processor.py:157} INFO - Started process (PID=336) to work on /opt/airflow/dags/csv_to_postgres_dag.py
[2026-04-19T08:03:01.272+0000] {processor.py:829} INFO - Processing file /opt/airflow/dags/csv_to_postgres_dag.py for tasks to queue
[2026-04-19T08:03:01.274+0000] {logging_mixin.py:151} INFO - [2026-04-19T08:03:01.274+0000] {dagbag.py:539} INFO - Filling up the DagBag from /opt/airflow/dags/csv_to_postgres_dag.py
[2026-04-19T08:03:01.723+0000] {processor.py:839} INFO - DAG(s) dict_keys(['csv_to_postgres']) retrieved from /opt/airflow/dags/csv_to_postgres_dag.py
[2026-04-19T08:03:01.780+0000] {logging_mixin.py:151} INFO - [2026-04-19T08:03:01.780+0000] {dag.py:2915} INFO - Sync 1 DAGs
[2026-04-19T08:03:01.834+0000] {logging_mixin.py:151} INFO - [2026-04-19T08:03:01.834+0000] {dag.py:3696} INFO - Setting next_dagrun for csv_to_postgres to 2024-01-01T00:00:00+00:00, run_after=2024-01-01T00:00:00+00:00
[2026-04-19T08:03:01.876+0000] {processor.py:179} INFO - Processing /opt/airflow/dags/csv_to_postgres_dag.py took 0.613 seconds
[2026-04-19T08:03:32.170+0000] {processor.py:157} INFO - Started process (PID=342) to work on /opt/airflow/dags/csv_to_postgres_dag.py
[2026-04-19T08:03:32.173+0000] {processor.py:829} INFO - Processing file /opt/airflow/dags/csv_to_postgres_dag.py for tasks to queue
[2026-04-19T08:03:32.176+0000] {logging_mixin.py:151} INFO - [2026-04-19T08:03:32.175+0000] {dagbag.py:539} INFO - Filling up the DagBag from /opt/airflow/dags/csv_to_postgres_dag.py
[2026-04-19T08:03:32.636+0000] {processor.py:839} INFO - DAG(s) dict_keys(['csv_to_postgres']) retrieved from /opt/airflow/dags/csv_to_postgres_dag.py
[2026-04-19T08:03:32.693+0000] {logging_mixin.py:151} INFO - [2026-04-19T08:03:32.692+0000] {dag.py:2915} INFO - Sync 1 DAGs
[2026-04-19T08:03:32.738+0000] {logging_mixin.py:151} INFO - [2026-04-19T08:03:32.738+0000] {dag.py:3696} INFO - Setting next_dagrun for csv_to_postgres to 2024-01-01T00:00:00+00:00, run_after=2024-01-01T00:00:00+00:00
[2026-04-19T08:03:32.784+0000] {processor.py:179} INFO - Processing /opt/airflow/dags/csv_to_postgres_dag.py took 0.622 seconds
[2026-04-19T08:04:03.061+0000] {processor.py:157} INFO - Started process (PID=348) to work on /opt/airflow/dags/csv_to_postgres_dag.py
[2026-04-19T08:04:03.062+0000] {processor.py:829} INFO - Processing file /opt/airflow/dags/csv_to_postgres_dag.py for tasks to queue
[2026-04-19T08:04:03.066+0000] {logging_mixin.py:151} INFO - [2026-04-19T08:04:03.064+0000] {dagbag.py:539} INFO - Filling up the DagBag from /opt/airflow/dags/csv_to_postgres_dag.py
[2026-04-19T08:04:03.539+0000] {processor.py:839} INFO - DAG(s) dict_keys(['csv_to_postgres']) retrieved from /opt/airflow/dags/csv_to_postgres_dag.py
[2026-04-19T08:04:03.593+0000] {logging_mixin.py:151} INFO - [2026-04-19T08:04:03.593+0000] {dag.py:2915} INFO - Sync 1 DAGs
[2026-04-19T08:04:03.641+0000] {logging_mixin.py:151} INFO - [2026-04-19T08:04:03.640+0000] {dag.py:3696} INFO - Setting next_dagrun for csv_to_postgres to 2024-01-01T00:00:00+00:00, run_after=2024-01-01T00:00:00+00:00
[2026-04-19T08:04:03.675+0000] {processor.py:179} INFO - Processing /opt/airflow/dags/csv_to_postgres_dag.py took 0.619 seconds
[2026-04-19T08:04:33.966+0000] {processor.py:157} INFO - Started process (PID=354) to work on /opt/airflow/dags/csv_to_postgres_dag.py
[2026-04-19T08:04:33.969+0000] {processor.py:829} INFO - Processing file /opt/airflow/dags/csv_to_postgres_dag.py for tasks to queue
[2026-04-19T08:04:33.971+0000] {logging_mixin.py:151} INFO - [2026-04-19T08:04:33.971+0000] {dagbag.py:539} INFO - Filling up the DagBag from /opt/airflow/dags/csv_to_postgres_dag.py
[2026-04-19T08:04:34.439+0000] {processor.py:839} INFO - DAG(s) dict_keys(['csv_to_postgres']) retrieved from /opt/airflow/dags/csv_to_postgres_dag.py
[2026-04-19T08:04:34.511+0000] {logging_mixin.py:151} INFO - [2026-04-19T08:04:34.511+0000] {dag.py:2915} INFO - Sync 1 DAGs
[2026-04-19T08:04:34.557+0000] {logging_mixin.py:151} INFO - [2026-04-19T08:04:34.556+0000] {dag.py:3696} INFO - Setting next_dagrun for csv_to_postgres to 2024-01-01T00:00:00+00:00, run_after=2024-01-01T00:00:00+00:00
[2026-04-19T08:04:34.596+0000] {processor.py:179} INFO - Processing /opt/airflow/dags/csv_to_postgres_dag.py took 0.638 seconds
